SEASON,GAME_DATE,GAME_ID,AWAY_TEAM_ABBR,AWAY_TEAM_NAME,HOME_TEAM_ABBR,HOME_TEAM_NAME
2025-26,2025-10-02,0012500008,NYK,New York Knicks,,
2025-26,2025-10-03,0012500001,PHX,Phoenix Suns,LAL,Los Angeles Lakers
2025-26,2025-10-03,0012500009,MEL,Melbourne United,NOP,New Orleans Pelicans
2025-26,2025-10-04,0012500010,PHI,Philadelphia 76ers,,
2025-26,2025-10-04,0012500011,SEM,South East Melbourne Phoenix,NOP,New Orleans Pelicans
2025-26,2025-10-04,0012500026,HAP,Hapoel Jerusalem B.C.,BKN,Brooklyn Nets
2025-26,2025-10-04,0012500027,ORL,Orlando Magic,MIA,Miami Heat
2025-26,2025-10-04,0012500028,MIN,Minnesota Timberwolves,DEN,Denver Nuggets
2025-26,2025-10-05,0012500029,OKC,Oklahoma City Thunder,CHA,Charlotte Hornets
2025-26,2025-10-05,0012500030,LAL,Los Angeles Lakers,GSW,Golden State Warriors
2025-26,2025-10-06,0012500002,MIL,Milwaukee Bucks,MIA,Miami Heat
2025-26,2025-10-06,0012500014,ATL,Atlanta Hawks,HOU,Houston Rockets
2025-26,2025-10-06,0012500031,DET,Detroit Pistons,MEM,Memphis Grizzlies
2025-26,2025-10-06,0012500032,GUA,Guangzhou Loong-Lions,SAS,San Antonio Spurs
2025-26,2025-10-06,0012500033,OKC,Oklahoma City Thunder,DAL,Dallas Mavericks
2025-26,2025-10-06,0012500034,DEN,Denver Nuggets,TOR,Toronto Raptors
2025-26,2025-10-07,0012500035,CHI,Chicago Bulls,CLE,Cleveland Cavaliers
2025-26,2025-10-07,0012500036,IND,Indiana Pacers,MIN,Minnesota Timberwolves
2025-26,2025-10-08,0012500003,SAS,San Antonio Spurs,MIA,Miami Heat
2025-26,2025-10-08,0012500015,POR,Portland Trail Blazers,GSW,Golden State Warriors
2025-26,2025-10-08,0012500016,TOR,Toronto Raptors,SAC,Sacramento Kings
2025-26,2025-10-08,0012500037,UTA,Utah Jazz,HOU,Houston Rockets
2025-26,2025-10-08,0012500038,BOS,Boston Celtics,MEM,Memphis Grizzlies
2025-26,2025-10-09,0012500039,MIN,Minnesota Timberwolves,NYK,New York Knicks
2025-26,2025-10-09,0012500040,CLE,Cleveland Cavaliers,CHI,Chicago Bulls
2025-26,2025-10-09,0012500041,DET,Detroit Pistons,MIL,Milwaukee Bucks
2025-26,2025-10-09,0012500042,CHA,Charlotte Hornets,OKC,Oklahoma City Thunder
2025-26,2025-10-09,0012500043,GUA,Guangzhou Loong-Lions,LAC,LA Clippers
2025-26,2025-10-10,0012500012,PHX,Phoenix Suns,,
2025-26,2025-10-10,0012500017,SAC,Sacramento Kings,POR,Portland Trail Blazers
2025-26,2025-10-10,0012500044,BOS,Boston Celtics,TOR,Toronto Raptors
2025-26,2025-10-10,0012500045,UTA,Utah Jazz,SAS,San Antonio Spurs
2025-26,2025-10-10,0012500070,ORL,Orlando Magic,PHI,Philadelphia 76ers
2025-26,2025-10-11,0012500018,ATL,Atlanta Hawks,MEM,Memphis Grizzlies
2025-26,2025-10-11,0012500046,OKC,Oklahoma City Thunder,IND,Indiana Pacers
2025-26,2025-10-11,0012500047,CHA,Charlotte Hornets,DAL,Dallas Mavericks
2025-26,2025-10-12,0012500004,GSW,Golden State Warriors,LAL,Los Angeles Lakers
2025-26,2025-10-12,0012500013,BKN,Brooklyn Nets,,
2025-26,2025-10-12,0012500048,TOR,Toronto Raptors,WAS,Washington Wizards
2025-26,2025-10-12,0012500049,MIA,Miami Heat,ORL,Orlando Magic
2025-26,2025-10-12,0012500050,CLE,Cleveland Cavaliers,BOS,Boston Celtics
2025-26,2025-10-12,0012500051,MIL,Milwaukee Bucks,CHI,Chicago Bulls
2025-26,2025-10-12,0012500052,DEN,Denver Nuggets,LAC,LA Clippers
2025-26,2025-10-13,0012500019,MIA,Miami Heat,ATL,Atlanta Hawks
2025-26,2025-10-13,0012500053,SAS,San Antonio Spurs,IND,Indiana Pacers
2025-26,2025-10-13,0012500054,WAS,Washington Wizards,NYK,New York Knicks
2025-26,2025-10-13,0012500055,GUA,Guangzhou Loong-Lions,MIN,Minnesota Timberwolves
2025-26,2025-10-13,0012500056,DAL,Dallas Mavericks,UTA,Utah Jazz
2025-26,2025-10-14,0012500020,HOU,Houston Rockets,NOP,New Orleans Pelicans
2025-26,2025-10-14,0012500021,GSW,Golden State Warriors,POR,Portland Trail Blazers
2025-26,2025-10-14,0012500057,DET,Detroit Pistons,CLE,Cleveland Cavaliers
2025-26,2025-10-14,0012500058,OKC,Oklahoma City Thunder,MIL,Milwaukee Bucks
2025-26,2025-10-14,0012500059,CHI,Chicago Bulls,DEN,Denver Nuggets
2025-26,2025-10-14,0012500060,LAL,Los Angeles Lakers,PHX,Phoenix Suns
2025-26,2025-10-15,0012500005,DAL,Dallas Mavericks,LAL,Los Angeles Lakers
2025-26,2025-10-15,0012500022,LAC,LA Clippers,SAC,Sacramento Kings
2025-26,2025-10-15,0012500061,MEM,Memphis Grizzlies,CHA,Charlotte Hornets
2025-26,2025-10-15,0012500062,TOR,Toronto Raptors,BOS,Boston Celtics
2025-26,2025-10-16,0012500023,NOP,New Orleans Pelicans,ORL,Orlando Magic
2025-26,2025-10-16,0012500024,HOU,Houston Rockets,ATL,Atlanta Hawks
2025-26,2025-10-16,0012500025,POR,Portland Trail Blazers,UTA,Utah Jazz
2025-26,2025-10-16,0012500063,WAS,Washington Wizards,DET,Detroit Pistons
2025-26,2025-10-16,0012500064,MIN,Minnesota Timberwolves,CHI,Chicago Bulls
2025-26,2025-10-17,0012500006,MEM,Memphis Grizzlies,MIA,Miami Heat
2025-26,2025-10-17,0012500007,SAC,Sacramento Kings,LAL,Los Angeles Lakers
2025-26,2025-10-17,0012500065,BKN,Brooklyn Nets,TOR,Toronto Raptors
2025-26,2025-10-17,0012500066,CHA,Charlotte Hornets,NYK,New York Knicks
2025-26,2025-10-17,0012500067,DEN,Denver Nuggets,OKC,Oklahoma City Thunder
2025-26,2025-10-17,0012500068,IND,Indiana Pacers,SAS,San Antonio Spurs
2025-26,2025-10-17,0012500069,LAC,LA Clippers,GSW,Golden State Warriors
2025-26,2025-10-17,0012500071,MIN,Minnesota Timberwolves,PHI,Philadelphia 76ers
2025-26,2025-10-21,0022500001,HOU,Houston Rockets,OKC,Oklahoma City Thunder
2025-26,2025-10-21,0022500002,GSW,Golden State Warriors,LAL,Los Angeles Lakers
2025-26,2025-10-22,0022500003,CLE,Cleveland Cavaliers,NYK,New York Knicks
2025-26,2025-10-22,0022500004,SAS,San Antonio Spurs,DAL,Dallas Mavericks
2025-26,2025-10-22,0022500080,BKN,Brooklyn Nets,CHA,Charlotte Hornets
2025-26,2025-10-22,0022500081,MIA,Miami Heat,ORL,Orlando Magic
2025-26,2025-10-22,0022500082,TOR,Toronto Raptors,ATL,Atlanta Hawks
2025-26,2025-10-22,0022500083,PHI,Philadelphia 76ers,BOS,Boston Celtics
2025-26,2025-10-22,0022500084,DET,Detroit Pistons,CHI,Chicago Bulls
2025-26,2025-10-22,0022500085,NOP,New Orleans Pelicans,MEM,Memphis Grizzlies
2025-26,2025-10-22,0022500086,WAS,Washington Wizards,MIL,Milwaukee Bucks
2025-26,2025-10-22,0022500087,LAC,LA Clippers,UTA,Utah Jazz
2025-26,2025-10-22,0022500088,SAC,Sacramento Kings,PHX,Phoenix Suns
2025-26,2025-10-22,0022500089,MIN,Minnesota Timberwolves,POR,Portland Trail Blazers
2025-26,2025-10-23,0022500005,OKC,Oklahoma City Thunder,IND,Indiana Pacers
2025-26,2025-10-23,0022500006,DEN,Denver Nuggets,GSW,Golden State Warriors
2025-26,2025-10-24,0022500018,BOS,Boston Celtics,NYK,New York Knicks
2025-26,2025-10-24,0022500019,MIN,Minnesota Timberwolves,LAL,Los Angeles Lakers
2025-26,2025-10-24,0022500090,ATL,Atlanta Hawks,ORL,Orlando Magic
2025-26,2025-10-24,0022500091,CLE,Cleveland Cavaliers,BKN,Brooklyn Nets
2025-26,2025-10-24,0022500092,MIL,Milwaukee Bucks,TOR,Toronto Raptors
2025-26,2025-10-24,0022500093,DET,Detroit Pistons,HOU,Houston Rockets
2025-26,2025-10-24,0022500094,MIA,Miami Heat,MEM,Memphis Grizzlies
2025-26,2025-10-24,0022500095,SAS,San Antonio Spurs,NOP,New Orleans Pelicans
2025-26,2025-10-24,0022500096,WAS,Washington Wizards,DAL,Dallas Mavericks
2025-26,2025-10-24,0022500097,GSW,Golden State Warriors,POR,Portland Trail Blazers
2025-26,2025-10-24,0022500098,UTA,Utah Jazz,SAC,Sacramento Kings
2025-26,2025-10-24,0022500099,PHX,Phoenix Suns,LAC,LA Clippers
2025-26,2025-10-25,0022500100,CHI,Chicago Bulls,ORL,Orlando Magic
2025-26,2025-10-25,0022500101,OKC,Oklahoma City Thunder,ATL,Atlanta Hawks
2025-26,2025-10-25,0022500102,CHA,Charlotte Hornets,PHI,Philadelphia 76ers
2025-26,2025-10-25,0022500103,IND,Indiana Pacers,MEM,Memphis Grizzlies
2025-26,2025-10-25,0022500104,PHX,Phoenix Suns,DEN,Denver Nuggets
2025-26,2025-10-26,0022500105,BKN,Brooklyn Nets,SAS,San Antonio Spurs
2025-26,2025-10-26,0022500106,BOS,Boston Celtics,DET,Detroit Pistons
2025-26,2025-10-26,0022500107,MIL,Milwaukee Bucks,CLE,Cleveland Cavaliers
2025-26,2025-10-26,0022500108,NYK,New York Knicks,MIA,Miami Heat
2025-26,2025-10-26,0022500109,CHA,Charlotte Hornets,WAS,Washington Wizards
2025-26,2025-10-26,0022500110,IND,Indiana Pacers,MIN,Minnesota Timberwolves
2025-26,2025-10-26,0022500111,TOR,Toronto Raptors,DAL,Dallas Mavericks
2025-26,2025-10-26,0022500112,POR,Portland Trail Blazers,LAC,LA Clippers
2025-26,2025-10-26,0022500113,LAL,Los Angeles Lakers,SAC,Sacramento Kings
2025-26,2025-10-27,0022500007,CLE,Cleveland Cavaliers,DET,Detroit Pistons
2025-26,2025-10-27,0022500008,DEN,Denver Nuggets,MIN,Minnesota Timberwolves
2025-26,2025-10-27,0022500114,ORL,Orlando Magic,PHI,Philadelphia 76ers
2025-26,2025-10-27,0022500115,ATL,Atlanta Hawks,CHI,Chicago Bulls
2025-26,2025-10-27,0022500116,BKN,Brooklyn Nets,HOU,Houston Rockets
2025-26,2025-10-27,0022500117,BOS,Boston Celtics,NOP,New Orleans Pelicans
2025-26,2025-10-27,0022500118,TOR,Toronto Raptors,SAS,San Antonio Spurs
2025-26,2025-10-27,0022500119,OKC,Oklahoma City Thunder,DAL,Dallas Mavericks
2025-26,2025-10-27,0022500120,PHX,Phoenix Suns,UTA,Utah Jazz
2025-26,2025-10-27,0022500121,MEM,Memphis Grizzlies,GSW,Golden State Warriors
2025-26,2025-10-27,0022500122,POR,Portland Trail Blazers,LAL,Los Angeles Lakers
2025-26,2025-10-28,0022500123,PHI,Philadelphia 76ers,WAS,Washington Wizards
2025-26,2025-10-28,0022500124,CHA,Charlotte Hornets,MIA,Miami Heat
2025-26,2025-10-28,0022500125,NYK,New York Knicks,MIL,Milwaukee Bucks
2025-26,2025-10-28,0022500126,SAC,Sacramento Kings,OKC,Oklahoma City Thunder
2025-26,2025-10-28,0022500127,LAC,LA Clippers,GSW,Golden State Warriors
2025-26,2025-10-29,0022500128,CLE,Cleveland Cavaliers,BOS,Boston Celtics
2025-26,2025-10-29,0022500129,ORL,Orlando Magic,DET,Detroit Pistons
2025-26,2025-10-29,0022500130,ATL,Atlanta Hawks,BKN,Brooklyn Nets
2025-26,2025-10-29,0022500131,HOU,Houston Rockets,TOR,Toronto Raptors
2025-26,2025-10-29,0022500132,SAC,Sacramento Kings,CHI,Chicago Bulls
2025-26,2025-10-29,0022500133,IND,Indiana Pacers,DAL,Dallas Mavericks
2025-26,2025-10-29,0022500134,NOP,New Orleans Pelicans,DEN,Denver Nuggets
2025-26,2025-10-29,0022500135,POR,Portland Trail Blazers,UTA,Utah Jazz
2025-26,2025-10-29,0022500136,LAL,Los Angeles Lakers,MIN,Minnesota Timberwolves
2025-26,2025-10-29,0022500137,MEM,Memphis Grizzlies,PHX,Phoenix Suns
2025-26,2025-10-30,0022500138,ORL,Orlando Magic,CHA,Charlotte Hornets
2025-26,2025-10-30,0022500139,GSW,Golden State Warriors,MIL,Milwaukee Bucks
2025-26,2025-10-30,0022500140,WAS,Washington Wizards,OKC,Oklahoma City Thunder
2025-26,2025-10-30,0022500141,MIA,Miami Heat,SAS,San Antonio Spurs
2025-26,2025-10-31,0022500020,ATL,Atlanta Hawks,IND,Indiana Pacers
2025-26,2025-10-31,0022500021,BOS,Boston Celtics,PHI,Philadelphia 76ers
2025-26,2025-10-31,0022500022,TOR,Toronto Raptors,CLE,Cleveland Cavaliers
2025-26,2025-10-31,0022500023,NYK,New York Knicks,CHI,Chicago Bulls
2025-26,2025-10-31,0022500024,LAL,Los Angeles Lakers,MEM,Memphis Grizzlies
2025-26,2025-10-31,0022500025,UTA,Utah Jazz,PHX,Phoenix Suns
2025-26,2025-10-31,0022500026,DEN,Denver Nuggets,POR,Portland Trail Blazers
2025-26,2025-10-31,0022500027,NOP,New Orleans Pelicans,LAC,LA Clippers
2025-26,2025-11-01,0022500142,SAC,Sacramento Kings,MIL,Milwaukee Bucks
2025-26,2025-11-01,0022500143,MIN,Minnesota Timberwolves,CHA,Charlotte Hornets
2025-26,2025-11-01,0022500144,GSW,Golden State Warriors,IND,Indiana Pacers
2025-26,2025-11-01,0022500145,ORL,Orlando Magic,WAS,Washington Wizards
2025-26,2025-11-01,0022500146,HOU,Houston Rockets,BOS,Boston Celtics
2025-26,2025-11-01,0022500147,DET,Detroit Pistons,,
2025-26,2025-11-02,0022500148,NOP,New Orleans Pelicans,OKC,Oklahoma City Thunder
2025-26,2025-11-02,0022500149,PHI,Philadelphia 76ers,BKN,Brooklyn Nets
2025-26,2025-11-02,0022500150,UTA,Utah Jazz,CHA,Charlotte Hornets
2025-26,2025-11-02,0022500151,ATL,Atlanta Hawks,CLE,Cleveland Cavaliers
2025-26,2025-11-02,0022500152,MEM,Memphis Grizzlies,TOR,Toronto Raptors
2025-26,2025-11-02,0022500153,CHI,Chicago Bulls,NYK,New York Knicks
2025-26,2025-11-02,0022500154,SAS,San Antonio Spurs,PHX,Phoenix Suns
2025-26,2025-11-02,0022500155,MIA,Miami Heat,LAL,Los Angeles Lakers
2025-26,2025-11-03,0022500156,MIN,Minnesota Timberwolves,BKN,Brooklyn Nets
2025-26,2025-11-03,0022500157,MIL,Milwaukee Bucks,IND,Indiana Pacers
2025-26,2025-11-03,0022500158,UTA,Utah Jazz,BOS,Boston Celtics
2025-26,2025-11-03,0022500159,WAS,Washington Wizards,NYK,New York Knicks
2025-26,2025-11-03,0022500160,DAL,Dallas Mavericks,HOU,Houston Rockets
2025-26,2025-11-03,0022500161,DET,Detroit Pistons,MEM,Memphis Grizzlies
2025-26,2025-11-03,0022500162,SAC,Sacramento Kings,DEN,Denver Nuggets
2025-26,2025-11-03,0022500163,LAL,Los Angeles Lakers,POR,Portland Trail Blazers
2025-26,2025-11-03,0022500164,MIA,Miami Heat,LAC,LA Clippers
2025-26,2025-11-04,0022500165,MIL,Milwaukee Bucks,TOR,Toronto Raptors
2025-26,2025-11-04,0022500166,ORL,Orlando Magic,ATL,Atlanta Hawks
2025-26,2025-11-04,0022500167,PHI,Philadelphia 76ers,CHI,Chicago Bulls
2025-26,2025-11-04,0022500168,CHA,Charlotte Hornets,NOP,New Orleans Pelicans
2025-26,2025-11-04,0022500169,PHX,Phoenix Suns,GSW,Golden State Warriors
2025-26,2025-11-04,0022500170,OKC,Oklahoma City Thunder,LAC,LA Clippers
2025-26,2025-11-05,0022500171,PHI,Philadelphia 76ers,CLE,Cleveland Cavaliers
2025-26,2025-11-05,0022500172,UTA,Utah Jazz,DET,Detroit Pistons
2025-26,2025-11-05,0022500173,BKN,Brooklyn Nets,IND,Indiana Pacers
2025-26,2025-11-05,0022500174,WAS,Washington Wizards,BOS,Boston Celtics
2025-26,2025-11-05,0022500175,MIN,Minnesota Timberwolves,NYK,New York Knicks
2025-26,2025-11-05,0022500176,HOU,Houston Rockets,MEM,Memphis Grizzlies
2025-26,2025-11-05,0022500177,NOP,New Orleans Pelicans,DAL,Dallas Mavericks
2025-26,2025-11-05,0022500178,MIA,Miami Heat,DEN,Denver Nuggets
2025-26,2025-11-05,0022500179,SAS,San Antonio Spurs,LAL,Los Angeles Lakers
2025-26,2025-11-05,0022500180,OKC,Oklahoma City Thunder,POR,Portland Trail Blazers
2025-26,2025-11-05,0022500181,GSW,Golden State Warriors,SAC,Sacramento Kings
2025-26,2025-11-06,0022500182,LAC,LA Clippers,PHX,Phoenix Suns
2025-26,2025-11-07,0022500028,BOS,Boston Celtics,ORL,Orlando Magic
2025-26,2025-11-07,0022500029,CLE,Cleveland Cavaliers,WAS,Washington Wizards
2025-26,2025-11-07,0022500030,TOR,Toronto Raptors,ATL,Atlanta Hawks
2025-26,2025-11-07,0022500031,DET,Detroit Pistons,BKN,Brooklyn Nets
2025-26,2025-11-07,0022500032,HOU,Houston Rockets,SAS,San Antonio Spurs
2025-26,2025-11-07,0022500033,CHA,Charlotte Hornets,MIA,Miami Heat
2025-26,2025-11-07,0022500034,DAL,Dallas Mavericks,MEM,Memphis Grizzlies
2025-26,2025-11-07,0022500035,CHI,Chicago Bulls,MIL,Milwaukee Bucks
2025-26,2025-11-07,0022500036,UTA,Utah Jazz,MIN,Minnesota Timberwolves
2025-26,2025-11-07,0022500037,GSW,Golden State Warriors,DEN,Denver Nuggets
2025-26,2025-11-07,0022500038,OKC,Oklahoma City Thunder,SAC,Sacramento Kings
2025-26,2025-11-08,0022500183,DAL,Dallas Mavericks,WAS,Washington Wizards
2025-26,2025-11-08,0022500184,TOR,Toronto Raptors,PHI,Philadelphia 76ers
2025-26,2025-11-08,0022500185,LAL,Los Angeles Lakers,ATL,Atlanta Hawks
2025-26,2025-11-08,0022500186,CHI,Chicago Bulls,CLE,Cleveland Cavaliers
2025-26,2025-11-08,0022500187,POR,Portland Trail Blazers,MIA,Miami Heat
2025-26,2025-11-08,0022500188,NOP,New Orleans Pelicans,SAS,San Antonio Spurs
2025-26,2025-11-08,0022500189,IND,Indiana Pacers,DEN,Denver Nuggets
2025-26,2025-11-08,0022500190,PHX,Phoenix Suns,LAC,LA Clippers
2025-26,2025-11-09,0022500191,HOU,Houston Rockets,MIL,Milwaukee Bucks
2025-26,2025-11-09,0022500192,BKN,Brooklyn Nets,NYK,New York Knicks
2025-26,2025-11-09,0022500193,BOS,Boston Celtics,ORL,Orlando Magic
2025-26,2025-11-09,0022500194,OKC,Oklahoma City Thunder,MEM,Memphis Grizzlies
2025-26,2025-11-09,0022500195,DET,Detroit Pistons,PHI,Philadelphia 76ers
2025-26,2025-11-09,0022500196,IND,Indiana Pacers,GSW,Golden State Warriors
2025-26,2025-11-09,0022500197,MIN,Minnesota Timberwolves,SAC,Sacramento Kings
2025-26,2025-11-10,0022500198,LAL,Los Angeles Lakers,CHA,Charlotte Hornets
2025-26,2025-11-10,0022500199,WAS,Washington Wizards,DET,Detroit Pistons
2025-26,2025-11-10,0022500200,POR,Portland Trail Blazers,ORL,Orlando Magic
2025-26,2025-11-10,0022500201,CLE,Cleveland Cavaliers,MIA,Miami Heat
2025-26,2025-11-10,0022500202,SAS,San Antonio Spurs,CHI,Chicago Bulls
2025-26,2025-11-10,0022500203,MIL,Milwaukee Bucks,DAL,Dallas Mavericks
2025-26,2025-11-10,0022500204,NOP,New Orleans Pelicans,PHX,Phoenix Suns
2025-26,2025-11-10,0022500205,MIN,Minnesota Timberwolves,UTA,Utah Jazz
2025-26,2025-11-10,0022500206,ATL,Atlanta Hawks,LAC,LA Clippers
2025-26,2025-11-11,0022500207,TOR,Toronto Raptors,BKN,Brooklyn Nets
2025-26,2025-11-11,0022500208,MEM,Memphis Grizzlies,NYK,New York Knicks
2025-26,2025-11-11,0022500209,BOS,Boston Celtics,PHI,Philadelphia 76ers
2025-26,2025-11-11,0022500210,GSW,Golden State Warriors,OKC,Oklahoma City Thunder
2025-26,2025-11-11,0022500211,IND,Indiana Pacers,UTA,Utah Jazz
2025-26,2025-11-11,0022500212,DEN,Denver Nuggets,SAC,Sacramento Kings
2025-26,2025-11-12,0022500213,MIL,Milwaukee Bucks,CHA,Charlotte Hornets
2025-26,2025-11-12,0022500214,CHI,Chicago Bulls,DET,Detroit Pistons
2025-26,2025-11-12,0022500215,ORL,Orlando Magic,NYK,New York Knicks
2025-26,2025-11-12,0022500216,MEM,Memphis Grizzlies,BOS,Boston Celtics
2025-26,2025-11-12,0022500217,CLE,Cleveland Cavaliers,MIA,Miami Heat
2025-26,2025-11-12,0022500218,WAS,Washington Wizards,HOU,Houston Rockets
2025-26,2025-11-12,0022500219,POR,Portland Trail Blazers,NOP,New Orleans Pelicans
2025-26,2025-11-12,0022500220,GSW,Golden State Warriors,SAS,San Antonio Spurs
2025-26,2025-11-12,0022500221,PHX,Phoenix Suns,DAL,Dallas Mavericks
2025-26,2025-11-12,0022500222,LAL,Los Angeles Lakers,OKC,Oklahoma City Thunder
2025-26,2025-11-12,0022500223,ATL,Atlanta Hawks,SAC,Sacramento Kings
2025-26,2025-11-12,0022500224,DEN,Denver Nuggets,LAC,LA Clippers
2025-26,2025-11-13,0022500225,TOR,Toronto Raptors,CLE,Cleveland Cavaliers
2025-26,2025-11-13,0022500226,IND,Indiana Pacers,PHX,Phoenix Suns
2025-26,2025-11-13,0022500227,ATL,Atlanta Hawks,UTA,Utah Jazz
2025-26,2025-11-14,0022500039,MIA,Miami Heat,NYK,New York Knicks
2025-26,2025-11-14,0022500040,BKN,Brooklyn Nets,ORL,Orlando Magic
2025-26,2025-11-14,0022500041,PHI,Philadelphia 76ers,DET,Detroit Pistons
2025-26,2025-11-14,0022500042,POR,Portland Trail Blazers,HOU,Houston Rockets
2025-26,2025-11-14,0022500043,CHA,Charlotte Hornets,MIL,Milwaukee Bucks
2025-26,2025-11-14,0022500044,SAC,Sacramento Kings,MIN,Minnesota Timberwolves
2025-26,2025-11-14,0022500045,LAL,Los Angeles Lakers,NOP,New Orleans Pelicans
2025-26,2025-11-14,0022500046,LAC,LA Clippers,DAL,Dallas Mavericks
2025-26,2025-11-14,0022500047,GSW,Golden State Warriors,SAS,San Antonio Spurs
2025-26,2025-11-15,0022500228,MEM,Memphis Grizzlies,CLE,Cleveland Cavaliers
2025-26,2025-11-15,0022500229,OKC,Oklahoma City Thunder,CHA,Charlotte Hornets
2025-26,2025-11-15,0022500230,TOR,Toronto Raptors,IND,Indiana Pacers
2025-26,2025-11-15,0022500231,LAL,Los Angeles Lakers,MIL,Milwaukee Bucks
2025-26,2025-11-15,0022500232,DEN,Denver Nuggets,MIN,Minnesota Timberwolves
2025-26,2025-11-16,0022500233,LAC,LA Clippers,BOS,Boston Celtics
2025-26,2025-11-16,0022500234,SAC,Sacramento Kings,SAS,San Antonio Spurs
2025-26,2025-11-16,0022500235,BKN,Brooklyn Nets,WAS,Washington Wizards
2025-26,2025-11-16,0022500236,ORL,Orlando Magic,HOU,Houston Rockets
2025-26,2025-11-16,0022500237,GSW,Golden State Warriors,NOP,New Orleans Pelicans
2025-26,2025-11-16,0022500238,POR,Portland Trail Blazers,DAL,Dallas Mavericks
2025-26,2025-11-16,0022500239,ATL,Atlanta Hawks,PHX,Phoenix Suns
2025-26,2025-11-16,0022500240,CHI,Chicago Bulls,UTA,Utah Jazz
2025-26,2025-11-17,0022500241,MIL,Milwaukee Bucks,CLE,Cleveland Cavaliers
2025-26,2025-11-17,0022500242,IND,Indiana Pacers,DET,Detroit Pistons
2025-26,2025-11-17,0022500243,LAC,LA Clippers,PHI,Philadelphia 76ers
2025-26,2025-11-17,0022500244,NYK,New York Knicks,MIA,Miami Heat
2025-26,2025-11-17,0022500245,CHA,Charlotte Hornets,TOR,Toronto Raptors
2025-26,2025-11-17,0022500246,DAL,Dallas Mavericks,MIN,Minnesota Timberwolves
2025-26,2025-11-17,0022500247,OKC,Oklahoma City Thunder,NOP,New Orleans Pelicans
2025-26,2025-11-17,0022500248,CHI,Chicago Bulls,DEN,Denver Nuggets
2025-26,2025-11-18,0022500249,GSW,Golden State Warriors,ORL,Orlando Magic
2025-26,2025-11-18,0022500250,BOS,Boston Celtics,BKN,Brooklyn Nets
2025-26,2025-11-18,0022500251,DET,Detroit Pistons,ATL,Atlanta Hawks
2025-26,2025-11-18,0022500252,MEM,Memphis Grizzlies,SAS,San Antonio Spurs
2025-26,2025-11-18,0022500253,UTA,Utah Jazz,LAL,Los Angeles Lakers
2025-26,2025-11-18,0022500254,PHX,Phoenix Suns,POR,Portland Trail Blazers
2025-26,2025-11-19,0022500255,HOU,Houston Rockets,CLE,Cleveland Cavaliers
2025-26,2025-11-19,0022500256,CHA,Charlotte Hornets,IND,Indiana Pacers
2025-26,2025-11-19,0022500257,GSW,Golden State Warriors,MIA,Miami Heat
2025-26,2025-11-19,0022500258,TOR,Toronto Raptors,PHI,Philadelphia 76ers
2025-26,2025-11-19,0022500259,WAS,Washington Wizards,MIN,Minnesota Timberwolves
2025-26,2025-11-19,0022500260,DEN,Denver Nuggets,NOP,New Orleans Pelicans
2025-26,2025-11-19,0022500261,SAC,Sacramento Kings,OKC,Oklahoma City Thunder
2025-26,2025-11-19,0022500262,NYK,New York Knicks,DAL,Dallas Mavericks
2025-26,2025-11-19,0022500263,CHI,Chicago Bulls,POR,Portland Trail Blazers
2025-26,2025-11-20,0022500264,LAC,LA Clippers,ORL,Orlando Magic
2025-26,2025-11-20,0022500265,SAC,Sacramento Kings,MEM,Memphis Grizzlies
2025-26,2025-11-20,0022500266,PHI,Philadelphia 76ers,MIL,Milwaukee Bucks
2025-26,2025-11-20,0022500267,ATL,Atlanta Hawks,SAS,San Antonio Spurs
2025-26,2025-11-21,0022500048,IND,Indiana Pacers,CLE,Cleveland Cavaliers
2025-26,2025-11-21,0022500049,BKN,Brooklyn Nets,BOS,Boston Celtics
2025-26,2025-11-21,0022500050,WAS,Washington Wizards,TOR,Toronto Raptors
2025-26,2025-11-21,0022500051,MIA,Miami Heat,CHI,Chicago Bulls
2025-26,2025-11-21,0022500052,NOP,New Orleans Pelicans,DAL,Dallas Mavericks
2025-26,2025-11-21,0022500053,MIN,Minnesota Timberwolves,PHX,Phoenix Suns
2025-26,2025-11-21,0022500054,DEN,Denver Nuggets,HOU,Houston Rockets
2025-26,2025-11-21,0022500055,OKC,Oklahoma City Thunder,UTA,Utah Jazz
2025-26,2025-11-21,0022500056,POR,Portland Trail Blazers,GSW,Golden State Warriors
2025-26,2025-11-22,0022500268,LAC,LA Clippers,CHA,Charlotte Hornets
2025-26,2025-11-22,0022500269,NYK,New York Knicks,ORL,Orlando Magic
2025-26,2025-11-22,0022500270,ATL,Atlanta Hawks,NOP,New Orleans Pelicans
2025-26,2025-11-22,0022500271,WAS,Washington Wizards,CHI,Chicago Bulls
2025-26,2025-11-22,0022500272,DET,Detroit Pistons,MIL,Milwaukee Bucks
2025-26,2025-11-22,0022500273,MEM,Memphis Grizzlies,DAL,Dallas Mavericks
2025-26,2025-11-22,0022500274,SAC,Sacramento Kings,DEN,Denver Nuggets
2025-26,2025-11-23,0022500275,MIA,Miami Heat,PHI,Philadelphia 76ers
2025-26,2025-11-23,0022500276,CHA,Charlotte Hornets,ATL,Atlanta Hawks
2025-26,2025-11-23,0022500277,ORL,Orlando Magic,BOS,Boston Celtics
2025-26,2025-11-23,0022500278,LAC,LA Clippers,CLE,Cleveland Cavaliers
2025-26,2025-11-23,0022500279,BKN,Brooklyn Nets,TOR,Toronto Raptors
2025-26,2025-11-23,0022500280,POR,Portland Trail Blazers,OKC,Oklahoma City Thunder
2025-26,2025-11-23,0022500281,SAS,San Antonio Spurs,PHX,Phoenix Suns
2025-26,2025-11-23,0022500282,LAL,Los Angeles Lakers,UTA,Utah Jazz
2025-26,2025-11-24,0022500283,DET,Detroit Pistons,IND,Indiana Pacers
2025-26,2025-11-24,0022500284,CLE,Cleveland Cavaliers,TOR,Toronto Raptors
2025-26,2025-11-24,0022500285,NYK,New York Knicks,BKN,Brooklyn Nets
2025-26,2025-11-24,0022500286,DAL,Dallas Mavericks,MIA,Miami Heat
2025-26,2025-11-24,0022500287,DEN,Denver Nuggets,MEM,Memphis Grizzlies
2025-26,2025-11-24,0022500288,POR,Portland Trail Blazers,MIL,Milwaukee Bucks
2025-26,2025-11-24,0022500289,CHI,Chicago Bulls,NOP,New Orleans Pelicans
2025-26,2025-11-24,0022500290,HOU,Houston Rockets,PHX,Phoenix Suns
2025-26,2025-11-24,0022500291,UTA,Utah Jazz,GSW,Golden State Warriors
2025-26,2025-11-24,0022500292,MIN,Minnesota Timberwolves,SAC,Sacramento Kings
2025-26,2025-11-25,0022500057,ATL,Atlanta Hawks,WAS,Washington Wizards
2025-26,2025-11-25,0022500058,ORL,Orlando Magic,PHI,Philadelphia 76ers
2025-26,2025-11-25,0022500059,LAC,LA Clippers,LAL,Los Angeles Lakers
2025-26,2025-11-26,0022500060,DET,Detroit Pistons,BOS,Boston Celtics
2025-26,2025-11-26,0022500061,NYK,New York Knicks,CHA,Charlotte Hornets
2025-26,2025-11-26,0022500062,MIL,Milwaukee Bucks,MIA,Miami Heat
2025-26,2025-11-26,0022500063,IND,Indiana Pacers,TOR,Toronto Raptors
2025-26,2025-11-26,0022500064,MIN,Minnesota Timberwolves,OKC,Oklahoma City Thunder
2025-26,2025-11-26,0022500065,MEM,Memphis Grizzlies,NOP,New Orleans Pelicans
2025-26,2025-11-26,0022500066,HOU,Houston Rockets,GSW,Golden State Warriors
2025-26,2025-11-26,0022500067,SAS,San Antonio Spurs,POR,Portland Trail Blazers
2025-26,2025-11-26,0022500068,PHX,Phoenix Suns,SAC,Sacramento Kings
2025-26,2025-11-28,0022500069,CLE,Cleveland Cavaliers,ATL,Atlanta Hawks
2025-26,2025-11-28,0022500070,PHI,Philadelphia 76ers,BKN,Brooklyn Nets
2025-26,2025-11-28,0022500071,CHI,Chicago Bulls,CHA,Charlotte Hornets
2025-26,2025-11-28,0022500072,ORL,Orlando Magic,DET,Detroit Pistons
2025-26,2025-11-28,0022500073,WAS,Washington Wizards,IND,Indiana Pacers
2025-26,2025-11-28,0022500074,MIL,Milwaukee Bucks,NYK,New York Knicks
2025-26,2025-11-28,0022500075,PHX,Phoenix Suns,OKC,Oklahoma City Thunder
2025-26,2025-11-28,0022500076,SAS,San Antonio Spurs,DEN,Denver Nuggets
2025-26,2025-11-28,0022500077,SAC,Sacramento Kings,UTA,Utah Jazz
2025-26,2025-11-28,0022500078,DAL,Dallas Mavericks,LAL,Los Angeles Lakers
2025-26,2025-11-28,0022500079,MEM,Memphis Grizzlies,LAC,LA Clippers
2025-26,2025-11-29,0022500293,BOS,Boston Celtics,MIN,Minnesota Timberwolves
2025-26,2025-11-29,0022500294,TOR,Toronto Raptors,CHA,Charlotte Hornets
2025-26,2025-11-29,0022500295,CHI,Chicago Bulls,IND,Indiana Pacers
2025-26,2025-11-29,0022500296,DET,Detroit Pistons,MIA,Miami Heat
2025-26,2025-11-29,0022500297,BKN,Brooklyn Nets,MIL,Milwaukee Bucks
2025-26,2025-11-29,0022500298,NOP,New Orleans Pelicans,GSW,Golden State Warriors
2025-26,2025-11-29,0022500299,DEN,Denver Nuggets,PHX,Phoenix Suns
2025-26,2025-11-29,0022500300,DAL,Dallas Mavericks,LAC,LA Clippers
2025-26,2025-11-30,0022500301,HOU,Houston Rockets,UTA,Utah Jazz
2025-26,2025-11-30,0022500302,BOS,Boston Celtics,CLE,Cleveland Cavaliers
2025-26,2025-11-30,0022500303,TOR,Toronto Raptors,NYK,New York Knicks
2025-26,2025-11-30,0022500304,ATL,Atlanta Hawks,PHI,Philadelphia 76ers
2025-26,2025-11-30,0022500305,OKC,Oklahoma City Thunder,POR,Portland Trail Blazers
2025-26,2025-11-30,0022500306,SAS,San Antonio Spurs,MIN,Minnesota Timberwolves
2025-26,2025-11-30,0022500307,MEM,Memphis Grizzlies,SAC,Sacramento Kings
2025-26,2025-11-30,0022500308,NOP,New Orleans Pelicans,LAL,Los Angeles Lakers
2025-26,2025-12-01,0022500309,ATL,Atlanta Hawks,DET,Detroit Pistons
2025-26,2025-12-01,0022500310,CLE,Cleveland Cavaliers,IND,Indiana Pacers
2025-26,2025-12-01,0022500311,MIL,Milwaukee Bucks,WAS,Washington Wizards
2025-26,2025-12-01,0022500312,CHA,Charlotte Hornets,BKN,Brooklyn Nets
2025-26,2025-12-01,0022500313,LAC,LA Clippers,MIA,Miami Heat
2025-26,2025-12-01,0022500314,CHI,Chicago Bulls,ORL,Orlando Magic
2025-26,2025-12-01,0022500315,DAL,Dallas Mavericks,DEN,Denver Nuggets
2025-26,2025-12-01,0022500316,HOU,Houston Rockets,UTA,Utah Jazz
2025-26,2025-12-01,0022500317,PHX,Phoenix Suns,LAL,Los Angeles Lakers
2025-26,2025-12-02,0022500318,WAS,Washington Wizards,PHI,Philadelphia 76ers
2025-26,2025-12-02,0022500319,POR,Portland Trail Blazers,TOR,Toronto Raptors
2025-26,2025-12-02,0022500320,NYK,New York Knicks,BOS,Boston Celtics
2025-26,2025-12-02,0022500321,MIN,Minnesota Timberwolves,NOP,New Orleans Pelicans
2025-26,2025-12-02,0022500322,MEM,Memphis Grizzlies,SAS,San Antonio Spurs
2025-26,2025-12-02,0022500323,OKC,Oklahoma City Thunder,GSW,Golden State Warriors
2025-26,2025-12-03,0022500324,POR,Portland Trail Blazers,CLE,Cleveland Cavaliers
2025-26,2025-12-03,0022500325,DEN,Denver Nuggets,IND,Indiana Pacers
2025-26,2025-12-03,0022500326,SAS,San Antonio Spurs,ORL,Orlando Magic
2025-26,2025-12-03,0022500327,LAC,LA Clippers,ATL,Atlanta Hawks
2025-26,2025-12-03,0022500328,CHA,Charlotte Hornets,NYK,New York Knicks
2025-26,2025-12-03,0022500329,BKN,Brooklyn Nets,CHI,Chicago Bulls
2025-26,2025-12-03,0022500330,SAC,Sacramento Kings,HOU,Houston Rockets
2025-26,2025-12-03,0022500331,DET,Detroit Pistons,MIL,Milwaukee Bucks
2025-26,2025-12-03,0022500332,MIA,Miami Heat,DAL,Dallas Mavericks
2025-26,2025-12-04,0022500333,GSW,Golden State Warriors,PHI,Philadelphia 76ers
2025-26,2025-12-04,0022500334,BOS,Boston Celtics,WAS,Washington Wizards
2025-26,2025-12-04,0022500335,UTA,Utah Jazz,BKN,Brooklyn Nets
2025-26,2025-12-04,0022500336,LAL,Los Angeles Lakers,TOR,Toronto Raptors
2025-26,2025-12-04,0022500337,MIN,Minnesota Timberwolves,NOP,New Orleans Pelicans
2025-26,2025-12-05,0022500338,LAL,Los Angeles Lakers,BOS,Boston Celtics
2025-26,2025-12-05,0022500339,MIA,Miami Heat,ORL,Orlando Magic
2025-26,2025-12-05,0022500340,DEN,Denver Nuggets,ATL,Atlanta Hawks
2025-26,2025-12-05,0022500341,SAS,San Antonio Spurs,CLE,Cleveland Cavaliers
2025-26,2025-12-05,0022500342,POR,Portland Trail Blazers,DET,Detroit Pistons
2025-26,2025-12-05,0022500343,UTA,Utah Jazz,NYK,New York Knicks
2025-26,2025-12-05,0022500344,CHA,Charlotte Hornets,TOR,Toronto Raptors
2025-26,2025-12-05,0022500345,IND,Indiana Pacers,CHI,Chicago Bulls
2025-26,2025-12-05,0022500346,PHX,Phoenix Suns,HOU,Houston Rockets
2025-26,2025-12-05,0022500347,LAC,LA Clippers,MEM,Memphis Grizzlies
2025-26,2025-12-05,0022500348,PHI,Philadelphia 76ers,MIL,Milwaukee Bucks
2025-26,2025-12-05,0022500349,DAL,Dallas Mavericks,OKC,Oklahoma City Thunder
2025-26,2025-12-06,0022500350,NOP,New Orleans Pelicans,BKN,Brooklyn Nets
2025-26,2025-12-06,0022500351,ATL,Atlanta Hawks,WAS,Washington Wizards
2025-26,2025-12-06,0022500352,GSW,Golden State Warriors,CLE,Cleveland Cavaliers
2025-26,2025-12-06,0022500353,MIL,Milwaukee Bucks,DET,Detroit Pistons
2025-26,2025-12-06,0022500354,SAC,Sacramento Kings,MIA,Miami Heat
2025-26,2025-12-06,0022500355,LAC,LA Clippers,MIN,Minnesota Timberwolves
2025-26,2025-12-06,0022500356,HOU,Houston Rockets,DAL,Dallas Mavericks
2025-26,2025-12-07,0022500357,ORL,Orlando Magic,NYK,New York Knicks
2025-26,2025-12-07,0022500358,BOS,Boston Celtics,TOR,Toronto Raptors
2025-26,2025-12-07,0022500359,DEN,Denver Nuggets,CHA,Charlotte Hornets
2025-26,2025-12-07,0022500360,POR,Portland Trail Blazers,MEM,Memphis Grizzlies
2025-26,2025-12-07,0022500361,GSW,Golden State Warriors,CHI,Chicago Bulls
2025-26,2025-12-07,0022500362,LAL,Los Angeles Lakers,PHI,Philadelphia 76ers
2025-26,2025-12-07,0022500363,OKC,Oklahoma City Thunder,UTA,Utah Jazz
2025-26,2025-12-08,0022500364,SAC,Sacramento Kings,IND,Indiana Pacers
2025-26,2025-12-08,0022500365,PHX,Phoenix Suns,MIN,Minnesota Timberwolves
2025-26,2025-12-08,0022500366,SAS,San Antonio Spurs,NOP,New Orleans Pelicans
2025-26,2025-12-09,0022501201,MIA,Miami Heat,ORL,Orlando Magic
2025-26,2025-12-09,0022501202,NYK,New York Knicks,TOR,Toronto Raptors
2025-26,2025-12-10,0022501203,PHX,Phoenix Suns,OKC,Oklahoma City Thunder
2025-26,2025-12-10,0022501204,SAS,San Antonio Spurs,LAL,Los Angeles Lakers
2025-26,2025-12-11,0022501205,LAC,LA Clippers,HOU,Houston Rockets
2025-26,2025-12-11,0022501206,BOS,Boston Celtics,MIL,Milwaukee Bucks
2025-26,2025-12-11,0022501207,POR,Portland Trail Blazers,NOP,New Orleans Pelicans
2025-26,2025-12-11,0022501208,DEN,Denver Nuggets,SAC,Sacramento Kings
2025-26,2025-12-12,0022501209,CHI,Chicago Bulls,CHA,Charlotte Hornets
2025-26,2025-12-12,0022501210,ATL,Atlanta Hawks,DET,Detroit Pistons
2025-26,2025-12-12,0022501211,IND,Indiana Pacers,PHI,Philadelphia 76ers
2025-26,2025-12-12,0022501212,CLE,Cleveland Cavaliers,WAS,Washington Wizards
2025-26,2025-12-12,0022501213,UTA,Utah Jazz,MEM,Memphis Grizzlies
2025-26,2025-12-12,0022501214,BKN,Brooklyn Nets,DAL,Dallas Mavericks
2025-26,2025-12-12,0022501215,MIN,Minnesota Timberwolves,GSW,Golden State Warriors
2025-26,2025-12-13,0022501229,NYK,New York Knicks,,
2025-26,2025-12-13,0022501230,OKC,Oklahoma City Thunder,,
2025-26,2025-12-14,0022501216,WAS,Washington Wizards,IND,Indiana Pacers
2025-26,2025-12-14,0022501217,PHI,Philadelphia 76ers,ATL,Atlanta Hawks
2025-26,2025-12-14,0022501218,CHA,Charlotte Hornets,CLE,Cleveland Cavaliers
2025-26,2025-12-14,0022501219,MIL,Milwaukee Bucks,BKN,Brooklyn Nets
2025-26,2025-12-14,0022501220,SAC,Sacramento Kings,MIN,Minnesota Timberwolves
2025-26,2025-12-14,0022501221,GSW,Golden State Warriors,POR,Portland Trail Blazers
2025-26,2025-12-14,0022501223,NOP,New Orleans Pelicans,CHI,Chicago Bulls
2025-26,2025-12-14,0022501228,LAL,Los Angeles Lakers,PHX,Phoenix Suns
2025-26,2025-12-15,0022501222,DET,Detroit Pistons,BOS,Boston Celtics
2025-26,2025-12-15,0022501224,DAL,Dallas Mavericks,UTA,Utah Jazz
2025-26,2025-12-15,0022501225,HOU,Houston Rockets,DEN,Denver Nuggets
2025-26,2025-12-15,0022501226,MEM,Memphis Grizzlies,LAC,LA Clippers
2025-26,2025-12-15,0022501227,TOR,Toronto Raptors,MIA,Miami Heat
2025-26,2025-12-16,0062500001,SAS,San Antonio Spurs,,
2025-26,2025-12-17,0022500367,CLE,Cleveland Cavaliers,CHI,Chicago Bulls
2025-26,2025-12-17,0022500368,MEM,Memphis Grizzlies,MIN,Minnesota Timberwolves
2025-26,2025-12-18,0022500369,LAC,LA Clippers,OKC,Oklahoma City Thunder
2025-26,2025-12-18,0022500370,WAS,Washington Wizards,SAS,San Antonio Spurs
2025-26,2025-12-18,0022500371,ATL,Atlanta Hawks,CHA,Charlotte Hornets
2025-26,2025-12-18,0022500372,NYK,New York Knicks,IND,Indiana Pacers
2025-26,2025-12-18,0022500373,MIA,Miami Heat,BKN,Brooklyn Nets
2025-26,2025-12-18,0022500374,TOR,Toronto Raptors,MIL,Milwaukee Bucks
2025-26,2025-12-18,0022500375,HOU,Houston Rockets,NOP,New Orleans Pelicans
2025-26,2025-12-18,0022500376,DET,Detroit Pistons,DAL,Dallas Mavericks
2025-26,2025-12-18,0022500377,ORL,Orlando Magic,DEN,Denver Nuggets
2025-26,2025-12-18,0022500378,GSW,Golden State Warriors,PHX,Phoenix Suns
2025-26,2025-12-18,0022500379,LAL,Los Angeles Lakers,UTA,Utah Jazz
2025-26,2025-12-18,0022500380,SAC,Sacramento Kings,POR,Portland Trail Blazers
2025-26,2025-12-19,0022500381,MIA,Miami Heat,BOS,Boston Celtics
2025-26,2025-12-19,0022500382,PHI,Philadelphia 76ers,NYK,New York Knicks
2025-26,2025-12-19,0022500383,SAS,San Antonio Spurs,ATL,Atlanta Hawks
2025-26,2025-12-19,0022500384,CHI,Chicago Bulls,CLE,Cleveland Cavaliers
2025-26,2025-12-19,0022500385,OKC,Oklahoma City Thunder,MIN,Minnesota Timberwolves
2025-26,2025-12-20,0022500386,HOU,Houston Rockets,DEN,Denver Nuggets
2025-26,2025-12-20,0022500387,DAL,Dallas Mavericks,PHI,Philadelphia 76ers
2025-26,2025-12-20,0022500388,BOS,Boston Celtics,TOR,Toronto Raptors
2025-26,2025-12-20,0022500389,IND,Indiana Pacers,NOP,New Orleans Pelicans
2025-26,2025-12-20,0022500390,CHA,Charlotte Hornets,DET,Detroit Pistons
2025-26,2025-12-20,0022500391,WAS,Washington Wizards,MEM,Memphis Grizzlies
2025-26,2025-12-20,0022500392,PHX,Phoenix Suns,GSW,Golden State Warriors
2025-26,2025-12-20,0022500393,ORL,Orlando Magic,UTA,Utah Jazz
2025-26,2025-12-20,0022500394,POR,Portland Trail Blazers,SAC,Sacramento Kings
2025-26,2025-12-20,0022500395,LAL,Los Angeles Lakers,LAC,LA Clippers
2025-26,2025-12-21,0022500396,CHI,Chicago Bulls,ATL,Atlanta Hawks
2025-26,2025-12-21,0022500397,TOR,Toronto Raptors,BKN,Brooklyn Nets
2025-26,2025-12-21,0022500398,MIA,Miami Heat,NYK,New York Knicks
2025-26,2025-12-21,0022500399,SAS,San Antonio Spurs,WAS,Washington Wizards
2025-26,2025-12-21,0022500400,MIL,Milwaukee Bucks,MIN,Minnesota Timberwolves
2025-26,2025-12-21,0022500401,HOU,Houston Rockets,SAC,Sacramento Kings
2025-26,2025-12-22,0022500402,CHA,Charlotte Hornets,CLE,Cleveland Cavaliers
2025-26,2025-12-22,0022500403,IND,Indiana Pacers,BOS,Boston Celtics
2025-26,2025-12-22,0022500404,DAL,Dallas Mavericks,NOP,New Orleans Pelicans
2025-26,2025-12-22,0022500405,UTA,Utah Jazz,DEN,Denver Nuggets
2025-26,2025-12-22,0022500406,MEM,Memphis Grizzlies,OKC,Oklahoma City Thunder
2025-26,2025-12-22,0022500407,ORL,Orlando Magic,GSW,Golden State Warriors
2025-26,2025-12-22,0022500408,DET,Detroit Pistons,POR,Portland Trail Blazers
2025-26,2025-12-23,0022500409,WAS,Washington Wizards,CHA,Charlotte Hornets
2025-26,2025-12-23,0022500410,BKN,Brooklyn Nets,PHI,Philadelphia 76ers
2025-26,2025-12-23,0022500411,CHI,Chicago Bulls,ATL,Atlanta Hawks
2025-26,2025-12-23,0022500412,NOP,New Orleans Pelicans,CLE,Cleveland Cavaliers
2025-26,2025-12-23,0022500413,MIL,Milwaukee Bucks,IND,Indiana Pacers
2025-26,2025-12-23,0022500414,TOR,Toronto Raptors,MIA,Miami Heat
2025-26,2025-12-23,0022500415,DEN,Denver Nuggets,DAL,Dallas Mavericks
2025-26,2025-12-23,0022500416,NYK,New York Knicks,MIN,Minnesota Timberwolves
2025-26,2025-12-23,0022500417,OKC,Oklahoma City Thunder,SAS,San Antonio Spurs
2025-26,2025-12-23,0022500418,LAL,Los Angeles Lakers,PHX,Phoenix Suns
2025-26,2025-12-23,0022500419,MEM,Memphis Grizzlies,UTA,Utah Jazz
2025-26,2025-12-23,0022500420,ORL,Orlando Magic,POR,Portland Trail Blazers
2025-26,2025-12-23,0022500421,DET,Detroit Pistons,SAC,Sacramento Kings
2025-26,2025-12-23,0022500422,HOU,Houston Rockets,LAC,LA Clippers
2025-26,2025-12-25,0022500009,CLE,Cleveland Cavaliers,NYK,New York Knicks
2025-26,2025-12-25,0022500010,SAS,San Antonio Spurs,OKC,Oklahoma City Thunder
2025-26,2025-12-25,0022500011,DAL,Dallas Mavericks,GSW,Golden State Warriors
2025-26,2025-12-25,0022500012,HOU,Houston Rockets,LAL,Los Angeles Lakers
2025-26,2025-12-25,0022500013,MIN,Minnesota Timberwolves,DEN,Denver Nuggets
2025-26,2025-12-26,0022500423,MIA,Miami Heat,ATL,Atlanta Hawks
2025-26,2025-12-26,0022500424,CHA,Charlotte Hornets,ORL,Orlando Magic
2025-26,2025-12-26,0022500425,TOR,Toronto Raptors,WAS,Washington Wizards
2025-26,2025-12-26,0022500426,BOS,Boston Celtics,IND,Indiana Pacers
2025-26,2025-12-26,0022500427,PHI,Philadelphia 76ers,CHI,Chicago Bulls
2025-26,2025-12-26,0022500428,MIL,Milwaukee Bucks,MEM,Memphis Grizzlies
2025-26,2025-12-26,0022500429,PHX,Phoenix Suns,NOP,New Orleans Pelicans
2025-26,2025-12-26,0022500430,DET,Detroit Pistons,UTA,Utah Jazz
2025-26,2025-12-26,0022500431,LAC,LA Clippers,POR,Portland Trail Blazers
2025-26,2025-12-27,0022500432,DAL,Dallas Mavericks,SAC,Sacramento Kings
2025-26,2025-12-27,0022500433,DEN,Denver Nuggets,ORL,Orlando Magic
2025-26,2025-12-27,0022500434,PHX,Phoenix Suns,NOP,New Orleans Pelicans
2025-26,2025-12-27,0022500435,NYK,New York Knicks,ATL,Atlanta Hawks
2025-26,2025-12-27,0022500436,IND,Indiana Pacers,MIA,Miami Heat
2025-26,2025-12-27,0022500437,MIL,Milwaukee Bucks,CHI,Chicago Bulls
2025-26,2025-12-27,0022500438,CLE,Cleveland Cavaliers,HOU,Houston Rockets
2025-26,2025-12-27,0022500439,BKN,Brooklyn Nets,MIN,Minnesota Timberwolves
2025-26,2025-12-27,0022500440,UTA,Utah Jazz,SAS,San Antonio Spurs
2025-26,2025-12-28,0022500441,GSW,Golden State Warriors,TOR,Toronto Raptors
2025-26,2025-12-28,0022500442,PHI,Philadelphia 76ers,OKC,Oklahoma City Thunder
2025-26,2025-12-28,0022500443,MEM,Memphis Grizzlies,WAS,Washington Wizards
2025-26,2025-12-28,0022500444,BOS,Boston Celtics,POR,Portland Trail Blazers
2025-26,2025-12-28,0022500445,DET,Detroit Pistons,LAC,LA Clippers
2025-26,2025-12-28,0022500446,SAC,Sacramento Kings,LAL,Los Angeles Lakers
2025-26,2025-12-29,0022500447,MIL,Milwaukee Bucks,CHA,Charlotte Hornets
2025-26,2025-12-29,0022500448,PHX,Phoenix Suns,WAS,Washington Wizards
2025-26,2025-12-29,0022500449,GSW,Golden State Warriors,BKN,Brooklyn Nets
2025-26,2025-12-29,0022500450,DEN,Denver Nuggets,MIA,Miami Heat
2025-26,2025-12-29,0022500451,ORL,Orlando Magic,TOR,Toronto Raptors
2025-26,2025-12-29,0022500452,MIN,Minnesota Timberwolves,CHI,Chicago Bulls
2025-26,2025-12-29,0022500453,IND,Indiana Pacers,HOU,Houston Rockets
2025-26,2025-12-29,0022500454,NYK,New York Knicks,NOP,New Orleans Pelicans
2025-26,2025-12-29,0022500455,ATL,Atlanta Hawks,OKC,Oklahoma City Thunder
2025-26,2025-12-29,0022500456,CLE,Cleveland Cavaliers,SAS,San Antonio Spurs
2025-26,2025-12-29,0022500457,DAL,Dallas Mavericks,POR,Portland Trail Blazers
2025-26,2025-12-30,0022500458,PHI,Philadelphia 76ers,MEM,Memphis Grizzlies
2025-26,2025-12-30,0022500459,BOS,Boston Celtics,UTA,Utah Jazz
2025-26,2025-12-30,0022500460,DET,Detroit Pistons,LAL,Los Angeles Lakers
2025-26,2025-12-30,0022500461,SAC,Sacramento Kings,LAC,LA Clippers
2025-26,2025-12-31,0022500462,GSW,Golden State Warriors,CHA,Charlotte Hornets
2025-26,2025-12-31,0022500463,MIN,Minnesota Timberwolves,ATL,Atlanta Hawks
2025-26,2025-12-31,0022500464,ORL,Orlando Magic,IND,Indiana Pacers
2025-26,2025-12-31,0022500465,PHX,Phoenix Suns,CLE,Cleveland Cavaliers
2025-26,2025-12-31,0022500466,NOP,New Orleans Pelicans,CHI,Chicago Bulls
2025-26,2025-12-31,0022500467,NYK,New York Knicks,SAS,San Antonio Spurs
2025-26,2025-12-31,0022500468,DEN,Denver Nuggets,TOR,Toronto Raptors
2025-26,2025-12-31,0022500469,WAS,Washington Wizards,MIL,Milwaukee Bucks
2025-26,2025-12-31,0022500470,POR,Portland Trail Blazers,OKC,Oklahoma City Thunder
2025-26,2026-01-01,0022500471,HOU,Houston Rockets,BKN,Brooklyn Nets
2025-26,2026-01-01,0022500472,MIA,Miami Heat,DET,Detroit Pistons
2025-26,2026-01-01,0022500473,PHI,Philadelphia 76ers,DAL,Dallas Mavericks
2025-26,2026-01-01,0022500474,BOS,Boston Celtics,SAC,Sacramento Kings
2025-26,2026-01-01,0022500475,UTA,Utah Jazz,LAC,LA Clippers
2025-26,2026-01-02,0022500476,SAS,San Antonio Spurs,IND,Indiana Pacers
2025-26,2026-01-02,0022500477,BKN,Brooklyn Nets,WAS,Washington Wizards
2025-26,2026-01-02,0022500478,DEN,Denver Nuggets,CLE,Cleveland Cavaliers
2025-26,2026-01-02,0022500479,ATL,Atlanta Hawks,NYK,New York Knicks
2025-26,2026-01-02,0022500480,ORL,Orlando Magic,CHI,Chicago Bulls
2025-26,2026-01-02,0022500481,CHA,Charlotte Hornets,MIL,Milwaukee Bucks
2025-26,2026-01-02,0022500482,POR,Portland Trail Blazers,NOP,New Orleans Pelicans
2025-26,2026-01-02,0022500483,SAC,Sacramento Kings,PHX,Phoenix Suns
2025-26,2026-01-02,0022500484,OKC,Oklahoma City Thunder,GSW,Golden State Warriors
2025-26,2026-01-02,0022500485,MEM,Memphis Grizzlies,LAL,Los Angeles Lakers
2025-26,2026-01-03,0022500486,MIN,Minnesota Timberwolves,MIA,Miami Heat
2025-26,2026-01-03,0022500487,PHI,Philadelphia 76ers,NYK,New York Knicks
2025-26,2026-01-03,0022500488,ATL,Atlanta Hawks,TOR,Toronto Raptors
2025-26,2026-01-03,0022500489,CHA,Charlotte Hornets,CHI,Chicago Bulls
2025-26,2026-01-03,0022500490,POR,Portland Trail Blazers,SAS,San Antonio Spurs
2025-26,2026-01-03,0022500491,HOU,Houston Rockets,DAL,Dallas Mavericks
2025-26,2026-01-03,0022500492,UTA,Utah Jazz,GSW,Golden State Warriors
2025-26,2026-01-03,0022500493,BOS,Boston Celtics,LAC,LA Clippers
2025-26,2026-01-04,0022500494,DET,Detroit Pistons,CLE,Cleveland Cavaliers
2025-26,2026-01-04,0022500495,IND,Indiana Pacers,ORL,Orlando Magic
2025-26,2026-01-04,0022500496,DEN,Denver Nuggets,BKN,Brooklyn Nets
2025-26,2026-01-04,0022500497,NOP,New Orleans Pelicans,MIA,Miami Heat
2025-26,2026-01-04,0022500498,MIN,Minnesota Timberwolves,WAS,Washington Wizards
2025-26,2026-01-04,0022500499,OKC,Oklahoma City Thunder,PHX,Phoenix Suns
2025-26,2026-01-04,0022500500,MIL,Milwaukee Bucks,SAC,Sacramento Kings
2025-26,2026-01-04,0022500501,MEM,Memphis Grizzlies,LAL,Los Angeles Lakers
2025-26,2026-01-05,0022500502,NYK,New York Knicks,DET,Detroit Pistons
2025-26,2026-01-05,0022500503,CHI,Chicago Bulls,BOS,Boston Celtics
2025-26,2026-01-05,0022500504,ATL,Atlanta Hawks,TOR,Toronto Raptors
2025-26,2026-01-05,0022500505,PHX,Phoenix Suns,HOU,Houston Rockets
2025-26,2026-01-05,0022500506,CHA,Charlotte Hornets,OKC,Oklahoma City Thunder
2025-26,2026-01-05,0022500507,DEN,Denver Nuggets,PHI,Philadelphia 76ers
2025-26,2026-01-05,0022500508,GSW,Golden State Warriors,LAC,LA Clippers
2025-26,2026-01-05,0022500509,UTA,Utah Jazz,POR,Portland Trail Blazers
2025-26,2026-01-06,0022500510,CLE,Cleveland Cavaliers,IND,Indiana Pacers
2025-26,2026-01-06,0022500511,ORL,Orlando Magic,WAS,Washington Wizards
2025-26,2026-01-06,0022500512,SAS,San Antonio Spurs,MEM,Memphis Grizzlies
2025-26,2026-01-06,0022500513,MIA,Miami Heat,MIN,Minnesota Timberwolves
2025-26,2026-01-06,0022500514,LAL,Los Angeles Lakers,NOP,New Orleans Pelicans
2025-26,2026-01-06,0022500515,DAL,Dallas Mavericks,SAC,Sacramento Kings
2025-26,2026-01-07,0022500516,TOR,Toronto Raptors,CHA,Charlotte Hornets
2025-26,2026-01-07,0022500517,CHI,Chicago Bulls,DET,Detroit Pistons
2025-26,2026-01-07,0022500518,WAS,Washington Wizards,PHI,Philadelphia 76ers
2025-26,2026-01-07,0022500519,NOP,New Orleans Pelicans,ATL,Atlanta Hawks
2025-26,2026-01-07,0022500520,DEN,Denver Nuggets,BOS,Boston Celtics
2025-26,2026-01-07,0022500521,ORL,Orlando Magic,BKN,Brooklyn Nets
2025-26,2026-01-07,0022500522,LAC,LA Clippers,NYK,New York Knicks
2025-26,2026-01-07,0022500523,LAL,Los Angeles Lakers,SAS,San Antonio Spurs
2025-26,2026-01-07,0022500524,PHX,Phoenix Suns,MEM,Memphis Grizzlies
2025-26,2026-01-07,0022500525,UTA,Utah Jazz,OKC,Oklahoma City Thunder
2025-26,2026-01-07,0022500526,MIL,Milwaukee Bucks,GSW,Golden State Warriors
2025-26,2026-01-07,0022500527,HOU,Houston Rockets,POR,Portland Trail Blazers
2025-26,2026-01-08,0022500528,IND,Indiana Pacers,CHA,Charlotte Hornets
2025-26,2026-01-08,0022500530,CLE,Cleveland Cavaliers,MIN,Minnesota Timberwolves
2025-26,2026-01-08,0022500531,DAL,Dallas Mavericks,UTA,Utah Jazz
2025-26,2026-01-09,0022500532,TOR,Toronto Raptors,BOS,Boston Celtics
2025-26,2026-01-09,0022500533,PHI,Philadelphia 76ers,ORL,Orlando Magic
2025-26,2026-01-09,0022500534,NOP,New Orleans Pelicans,WAS,Washington Wizards
2025-26,2026-01-09,0022500535,LAC,LA Clippers,BKN,Brooklyn Nets
2025-26,2026-01-09,0022500536,OKC,Oklahoma City Thunder,MEM,Memphis Grizzlies
2025-26,2026-01-09,0022500537,ATL,Atlanta Hawks,DEN,Denver Nuggets
2025-26,2026-01-09,0022500538,NYK,New York Knicks,PHX,Phoenix Suns
2025-26,2026-01-09,0022500539,SAC,Sacramento Kings,GSW,Golden State Warriors
2025-26,2026-01-09,0022500540,HOU,Houston Rockets,POR,Portland Trail Blazers
2025-26,2026-01-09,0022500541,MIL,Milwaukee Bucks,LAL,Los Angeles Lakers
2025-26,2026-01-10,0022500542,MIN,Minnesota Timberwolves,CLE,Cleveland Cavaliers
2025-26,2026-01-10,0022500543,MIA,Miami Heat,IND,Indiana Pacers
2025-26,2026-01-10,0022500544,LAC,LA Clippers,DET,Detroit Pistons
2025-26,2026-01-10,0022500545,SAS,San Antonio Spurs,BOS,Boston Celtics
2025-26,2026-01-10,0022500546,DAL,Dallas Mavericks,CHI,Chicago Bulls
2025-26,2026-01-10,0022500547,CHA,Charlotte Hornets,UTA,Utah Jazz
2025-26,2026-01-11,0022500548,NOP,New Orleans Pelicans,ORL,Orlando Magic
2025-26,2026-01-11,0022500549,BKN,Brooklyn Nets,MEM,Memphis Grizzlies
2025-26,2026-01-11,0022500550,PHI,Philadelphia 76ers,TOR,Toronto Raptors
2025-26,2026-01-11,0022500551,NYK,New York Knicks,POR,Portland Trail Blazers
2025-26,2026-01-11,0022500552,SAS,San Antonio Spurs,MIN,Minnesota Timberwolves
2025-26,2026-01-11,0022500553,MIA,Miami Heat,OKC,Oklahoma City Thunder
2025-26,2026-01-11,0022500554,MIL,Milwaukee Bucks,DEN,Denver Nuggets
2025-26,2026-01-11,0022500555,WAS,Washington Wizards,PHX,Phoenix Suns
2025-26,2026-01-11,0022500556,ATL,Atlanta Hawks,GSW,Golden State Warriors
2025-26,2026-01-11,0022500557,HOU,Houston Rockets,SAC,Sacramento Kings
2025-26,2026-01-12,0022500558,UTA,Utah Jazz,CLE,Cleveland Cavaliers
2025-26,2026-01-12,0022500559,BOS,Boston Celtics,IND,Indiana Pacers
2025-26,2026-01-12,0022500560,PHI,Philadelphia 76ers,TOR,Toronto Raptors
2025-26,2026-01-12,0022500561,BKN,Brooklyn Nets,DAL,Dallas Mavericks
2025-26,2026-01-12,0022500562,LAL,Los Angeles Lakers,SAC,Sacramento Kings
2025-26,2026-01-12,0022500563,CHA,Charlotte Hornets,LAC,LA Clippers
2025-26,2026-01-13,0022500564,PHX,Phoenix Suns,MIA,Miami Heat
2025-26,2026-01-13,0022500565,CHI,Chicago Bulls,HOU,Houston Rockets
2025-26,2026-01-13,0022500566,MIN,Minnesota Timberwolves,MIL,Milwaukee Bucks
2025-26,2026-01-13,0022500567,DEN,Denver Nuggets,NOP,New Orleans Pelicans
2025-26,2026-01-13,0022500568,SAS,San Antonio Spurs,OKC,Oklahoma City Thunder
2025-26,2026-01-13,0022500569,ATL,Atlanta Hawks,LAL,Los Angeles Lakers
2025-26,2026-01-13,0022500570,POR,Portland Trail Blazers,GSW,Golden State Warriors
2025-26,2026-01-14,0022500571,TOR,Toronto Raptors,IND,Indiana Pacers
2025-26,2026-01-14,0022500572,CLE,Cleveland Cavaliers,PHI,Philadelphia 76ers
2025-26,2026-01-14,0022500573,UTA,Utah Jazz,CHI,Chicago Bulls
2025-26,2026-01-14,0022500574,BKN,Brooklyn Nets,NOP,New Orleans Pelicans
2025-26,2026-01-14,0022500575,DEN,Denver Nuggets,DAL,Dallas Mavericks
2025-26,2026-01-14,0022500576,NYK,New York Knicks,SAC,Sacramento Kings
2025-26,2026-01-14,0022500577,WAS,Washington Wizards,LAC,LA Clippers
2025-26,2026-01-15,0022500578,ORL,Orlando Magic,,
2025-26,2026-01-15,0022500579,PHX,Phoenix Suns,DET,Detroit Pistons
2025-26,2026-01-15,0022500580,BOS,Boston Celtics,MIA,Miami Heat
2025-26,2026-01-15,0022500581,OKC,Oklahoma City Thunder,HOU,Houston Rockets
2025-26,2026-01-15,0022500582,MIL,Milwaukee Bucks,SAS,San Antonio Spurs
2025-26,2026-01-15,0022500583,UTA,Utah Jazz,DAL,Dallas Mavericks
2025-26,2026-01-15,0022500584,NYK,New York Knicks,GSW,Golden State Warriors
2025-26,2026-01-15,0022500585,ATL,Atlanta Hawks,POR,Portland Trail Blazers
2025-26,2026-01-15,0022500586,CHA,Charlotte Hornets,LAL,Los Angeles Lakers
2025-26,2026-01-16,0022500587,CHI,Chicago Bulls,BKN,Brooklyn Nets
2025-26,2026-01-16,0022500588,NOP,New Orleans Pelicans,IND,Indiana Pacers
2025-26,2026-01-16,0022500589,CLE,Cleveland Cavaliers,PHI,Philadelphia 76ers
2025-26,2026-01-16,0022500590,LAC,LA Clippers,TOR,Toronto Raptors
2025-26,2026-01-16,0022500591,MIN,Minnesota Timberwolves,HOU,Houston Rockets
2025-26,2026-01-16,0022500592,WAS,Washington Wizards,SAC,Sacramento Kings
2025-26,2026-01-17,0022500593,UTA,Utah Jazz,DAL,Dallas Mavericks
2025-26,2026-01-17,0022500594,BOS,Boston Celtics,ATL,Atlanta Hawks
2025-26,2026-01-17,0022500595,IND,Indiana Pacers,DET,Detroit Pistons
2025-26,2026-01-17,0022500596,PHX,Phoenix Suns,NYK,New York Knicks
2025-26,2026-01-17,0022500597,OKC,Oklahoma City Thunder,MIA,Miami Heat
2025-26,2026-01-17,0022500598,MIN,Minnesota Timberwolves,SAS,San Antonio Spurs
2025-26,2026-01-17,0022500599,CHA,Charlotte Hornets,GSW,Golden State Warriors
2025-26,2026-01-17,0022500600,WAS,Washington Wizards,DEN,Denver Nuggets
2025-26,2026-01-17,0022500601,LAL,Los Angeles Lakers,POR,Portland Trail Blazers
2025-26,2026-01-18,0022500602,ORL,Orlando Magic,,
2025-26,2026-01-18,0022500603,BKN,Brooklyn Nets,CHI,Chicago Bulls
2025-26,2026-01-18,0022500604,NOP,New Orleans Pelicans,HOU,Houston Rockets
2025-26,2026-01-18,0022500605,CHA,Charlotte Hornets,DEN,Denver Nuggets
2025-26,2026-01-18,0022500606,POR,Portland Trail Blazers,SAC,Sacramento Kings
2025-26,2026-01-18,0022500607,TOR,Toronto Raptors,LAL,Los Angeles Lakers
2025-26,2026-01-19,0022500014,MIL,Milwaukee Bucks,ATL,Atlanta Hawks
2025-26,2026-01-19,0022500015,OKC,Oklahoma City Thunder,CLE,Cleveland Cavaliers
2025-26,2026-01-19,0022500016,DAL,Dallas Mavericks,NYK,New York Knicks
2025-26,2026-01-19,0022500017,BOS,Boston Celtics,DET,Detroit Pistons
2025-26,2026-01-19,0022500608,LAC,LA Clippers,WAS,Washington Wizards
2025-26,2026-01-19,0022500609,IND,Indiana Pacers,PHI,Philadelphia 76ers
2025-26,2026-01-19,0022500610,PHX,Phoenix Suns,BKN,Brooklyn Nets
2025-26,2026-01-19,0022500611,UTA,Utah Jazz,SAS,San Antonio Spurs
2025-26,2026-01-19,0022500612,MIA,Miami Heat,GSW,Golden State Warriors
2025-26,2026-01-20,0022500613,PHX,Phoenix Suns,PHI,Philadelphia 76ers
2025-26,2026-01-20,0022500614,LAC,LA Clippers,CHI,Chicago Bulls
2025-26,2026-01-20,0022500615,SAS,San Antonio Spurs,HOU,Houston Rockets
2025-26,2026-01-20,0022500616,MIN,Minnesota Timberwolves,UTA,Utah Jazz
2025-26,2026-01-20,0022500617,LAL,Los Angeles Lakers,DEN,Denver Nuggets
2025-26,2026-01-20,0022500618,TOR,Toronto Raptors,GSW,Golden State Warriors
2025-26,2026-01-20,0022500619,MIA,Miami Heat,SAC,Sacramento Kings
2025-26,2026-01-21,0022500620,CLE,Cleveland Cavaliers,CHA,Charlotte Hornets
2025-26,2026-01-21,0022500621,IND,Indiana Pacers,BOS,Boston Celtics
2025-26,2026-01-21,0022500622,BKN,Brooklyn Nets,NYK,New York Knicks
2025-26,2026-01-21,0022500623,ATL,Atlanta Hawks,MEM,Memphis Grizzlies
2025-26,2026-01-21,0022500624,DET,Detroit Pistons,NOP,New Orleans Pelicans
2025-26,2026-01-21,0022500625,OKC,Oklahoma City Thunder,MIL,Milwaukee Bucks
2025-26,2026-01-21,0022500626,TOR,Toronto Raptors,SAC,Sacramento Kings
2025-26,2026-01-22,0022500627,CHA,Charlotte Hornets,ORL,Orlando Magic
2025-26,2026-01-22,0022500628,HOU,Houston Rockets,PHI,Philadelphia 76ers
2025-26,2026-01-22,0022500629,DEN,Denver Nuggets,WAS,Washington Wizards
2025-26,2026-01-22,0022500630,GSW,Golden State Warriors,DAL,Dallas Mavericks
2025-26,2026-01-22,0022500631,CHI,Chicago Bulls,MIN,Minnesota Timberwolves
2025-26,2026-01-22,0022500632,SAS,San Antonio Spurs,UTA,Utah Jazz
2025-26,2026-01-22,0022500633,LAL,Los Angeles Lakers,LAC,LA Clippers
2025-26,2026-01-22,0022500634,MIA,Miami Heat,POR,Portland Trail Blazers
2025-26,2026-01-23,0022500635,HOU,Houston Rockets,DET,Detroit Pistons
2025-26,2026-01-23,0022500636,PHX,Phoenix Suns,ATL,Atlanta Hawks
2025-26,2026-01-23,0022500637,BOS,Boston Celtics,BKN,Brooklyn Nets
2025-26,2026-01-23,0022500638,SAC,Sacramento Kings,CLE,Cleveland Cavaliers
2025-26,2026-01-23,0022500639,NOP,New Orleans Pelicans,MEM,Memphis Grizzlies
2025-26,2026-01-23,0022500640,DEN,Denver Nuggets,MIL,Milwaukee Bucks
2025-26,2026-01-23,0022500641,IND,Indiana Pacers,OKC,Oklahoma City Thunder
2025-26,2026-01-23,0022500642,TOR,Toronto Raptors,POR,Portland Trail Blazers
2025-26,2026-01-24,0022500643,NYK,New York Knicks,PHI,Philadelphia 76ers
2025-26,2026-01-24,0022500645,WAS,Washington Wizards,CHA,Charlotte Hornets
2025-26,2026-01-24,0022500646,CLE,Cleveland Cavaliers,ORL,Orlando Magic
2025-26,2026-01-24,0022500647,BOS,Boston Celtics,CHI,Chicago Bulls
2025-26,2026-01-24,0022500648,LAL,Los Angeles Lakers,DAL,Dallas Mavericks
2025-26,2026-01-24,0022500649,MIA,Miami Heat,UTA,Utah Jazz
2025-26,2026-01-25,0022500644,GSW,Golden State Warriors,MIN,Minnesota Timberwolves
2025-26,2026-01-25,0022500650,SAC,Sacramento Kings,DET,Detroit Pistons
2025-26,2026-01-25,0022500653,TOR,Toronto Raptors,OKC,Oklahoma City Thunder
2025-26,2026-01-25,0022500654,NOP,New Orleans Pelicans,SAS,San Antonio Spurs
2025-26,2026-01-25,0022500655,MIA,Miami Heat,PHX,Phoenix Suns
2025-26,2026-01-25,0022500656,BKN,Brooklyn Nets,LAC,LA Clippers
2025-26,2026-01-26,0022500657,PHI,Philadelphia 76ers,CHA,Charlotte Hornets
2025-26,2026-01-26,0022500658,ORL,Orlando Magic,CLE,Cleveland Cavaliers
2025-26,2026-01-26,0022500659,IND,Indiana Pacers,ATL,Atlanta Hawks
2025-26,2026-01-26,0022500660,POR,Portland Trail Blazers,BOS,Boston Celtics
2025-26,2026-01-26,0022500661,LAL,Los Angeles Lakers,CHI,Chicago Bulls
2025-26,2026-01-26,0022500662,MEM,Memphis Grizzlies,HOU,Houston Rockets
2025-26,2026-01-26,0022500663,GSW,Golden State Warriors,MIN,Minnesota Timberwolves
2025-26,2026-01-27,0022500664,POR,Portland Trail Blazers,WAS,Washington Wizards
2025-26,2026-01-27,0022500665,SAC,Sacramento Kings,NYK,New York Knicks
2025-26,2026-01-27,0022500666,MIL,Milwaukee Bucks,PHI,Philadelphia 76ers
2025-26,2026-01-27,0022500667,NOP,New Orleans Pelicans,OKC,Oklahoma City Thunder
2025-26,2026-01-27,0022500668,DET,Detroit Pistons,DEN,Denver Nuggets
2025-26,2026-01-27,0022500669,BKN,Brooklyn Nets,PHX,Phoenix Suns
2025-26,2026-01-27,0022500670,LAC,LA Clippers,UTA,Utah Jazz
2025-26,2026-01-28,0022500671,LAL,Los Angeles Lakers,CLE,Cleveland Cavaliers
2025-26,2026-01-28,0022500672,CHI,Chicago Bulls,IND,Indiana Pacers
2025-26,2026-01-28,0022500673,ATL,Atlanta Hawks,BOS,Boston Celtics
2025-26,2026-01-28,0022500674,ORL,Orlando Magic,MIA,Miami Heat
2025-26,2026-01-28,0022500675,NYK,New York Knicks,TOR,Toronto Raptors
2025-26,2026-01-28,0022500676,CHA,Charlotte Hornets,MEM,Memphis Grizzlies
2025-26,2026-01-28,0022500677,MIN,Minnesota Timberwolves,DAL,Dallas Mavericks
2025-26,2026-01-28,0022500678,GSW,Golden State Warriors,UTA,Utah Jazz
2025-26,2026-01-28,0022500679,SAS,San Antonio Spurs,HOU,Houston Rockets
2025-26,2026-01-29,0022500529,MIA,Miami Heat,CHI,Chicago Bulls
2025-26,2026-01-29,0022500680,SAC,Sacramento Kings,PHI,Philadelphia 76ers
2025-26,2026-01-29,0022500681,MIL,Milwaukee Bucks,WAS,Washington Wizards
2025-26,2026-01-29,0022500682,HOU,Houston Rockets,ATL,Atlanta Hawks
2025-26,2026-01-29,0022500683,CHA,Charlotte Hornets,DAL,Dallas Mavericks
2025-26,2026-01-29,0022500684,BKN,Brooklyn Nets,DEN,Denver Nuggets
2025-26,2026-01-29,0022500685,DET,Detroit Pistons,PHX,Phoenix Suns
2025-26,2026-01-29,0022500686,OKC,Oklahoma City Thunder,MIN,Minnesota Timberwolves
2025-26,2026-01-30,0022500687,TOR,Toronto Raptors,ORL,Orlando Magic
2025-26,2026-01-30,0022500688,LAL,Los Angeles Lakers,WAS,Washington Wizards
2025-26,2026-01-30,0022500689,SAC,Sacramento Kings,BOS,Boston Celtics
2025-26,2026-01-30,0022500690,POR,Portland Trail Blazers,NYK,New York Knicks
2025-26,2026-01-30,0022500691,MEM,Memphis Grizzlies,NOP,New Orleans Pelicans
2025-26,2026-01-30,0022500693,CLE,Cleveland Cavaliers,PHX,Phoenix Suns
2025-26,2026-01-30,0022500694,BKN,Brooklyn Nets,UTA,Utah Jazz
2025-26,2026-01-30,0022500695,LAC,LA Clippers,DEN,Denver Nuggets
2025-26,2026-01-30,0022500696,DET,Detroit Pistons,GSW,Golden State Warriors
2025-26,2026-01-31,0022500692,CHI,Chicago Bulls,MIA,Miami Heat
2025-26,2026-01-31,0022500697,SAS,San Antonio Spurs,CHA,Charlotte Hornets
2025-26,2026-01-31,0022500698,ATL,Atlanta Hawks,IND,Indiana Pacers
2025-26,2026-01-31,0022500699,NOP,New Orleans Pelicans,PHI,Philadelphia 76ers
2025-26,2026-01-31,0022500700,MIN,Minnesota Timberwolves,MEM,Memphis Grizzlies
2025-26,2026-01-31,0022500701,DAL,Dallas Mavericks,HOU,Houston Rockets
2025-26,2026-02-01,0022500702,MIL,Milwaukee Bucks,BOS,Boston Celtics
2025-26,2026-02-01,0022500703,ORL,Orlando Magic,SAS,San Antonio Spurs
2025-26,2026-02-01,0022500704,BKN,Brooklyn Nets,DET,Detroit Pistons
2025-26,2026-02-01,0022500705,CHI,Chicago Bulls,MIA,Miami Heat
2025-26,2026-02-01,0022500706,UTA,Utah Jazz,TOR,Toronto Raptors
2025-26,2026-02-01,0022500707,SAC,Sacramento Kings,WAS,Washington Wizards
2025-26,2026-02-01,0022500708,LAL,Los Angeles Lakers,NYK,New York Knicks
2025-26,2026-02-01,0022500709,LAC,LA Clippers,PHX,Phoenix Suns
2025-26,2026-02-01,0022500710,CLE,Cleveland Cavaliers,POR,Portland Trail Blazers
2025-26,2026-02-01,0022500711,OKC,Oklahoma City Thunder,DEN,Denver Nuggets
2025-26,2026-02-02,0022500712,NOP,New Orleans Pelicans,CHA,Charlotte Hornets
2025-26,2026-02-02,0022500713,HOU,Houston Rockets,IND,Indiana Pacers
2025-26,2026-02-02,0022500714,MIN,Minnesota Timberwolves,MEM,Memphis Grizzlies
2025-26,2026-02-02,0022500715,PHI,Philadelphia 76ers,LAC,LA Clippers
2025-26,2026-02-03,0022500716,DEN,Denver Nuggets,DET,Detroit Pistons
2025-26,2026-02-03,0022500717,UTA,Utah Jazz,IND,Indiana Pacers
2025-26,2026-02-03,0022500718,NYK,New York Knicks,WAS,Washington Wizards
2025-26,2026-02-03,0022500719,LAL,Los Angeles Lakers,BKN,Brooklyn Nets
2025-26,2026-02-03,0022500720,ATL,Atlanta Hawks,MIA,Miami Heat
2025-26,2026-02-03,0022500721,BOS,Boston Celtics,DAL,Dallas Mavericks
2025-26,2026-02-03,0022500722,CHI,Chicago Bulls,MIL,Milwaukee Bucks
2025-26,2026-02-03,0022500723,ORL,Orlando Magic,OKC,Oklahoma City Thunder
2025-26,2026-02-03,0022500724,PHI,Philadelphia 76ers,GSW,Golden State Warriors
2025-26,2026-02-03,0022500725,PHX,Phoenix Suns,POR,Portland Trail Blazers
2025-26,2026-02-04,0022500726,DEN,Denver Nuggets,NYK,New York Knicks
2025-26,2026-02-04,0022500727,MIN,Minnesota Timberwolves,TOR,Toronto Raptors
2025-26,2026-02-04,0022500728,BOS,Boston Celtics,HOU,Houston Rockets
2025-26,2026-02-04,0022500729,NOP,New Orleans Pelicans,MIL,Milwaukee Bucks
2025-26,2026-02-04,0022500730,OKC,Oklahoma City Thunder,SAS,San Antonio Spurs
2025-26,2026-02-04,0022500731,MEM,Memphis Grizzlies,SAC,Sacramento Kings
2025-26,2026-02-04,0022500732,CLE,Cleveland Cavaliers,LAC,LA Clippers
2025-26,2026-02-05,0022500733,WAS,Washington Wizards,DET,Detroit Pistons
2025-26,2026-02-05,0022500734,BKN,Brooklyn Nets,ORL,Orlando Magic
2025-26,2026-02-05,0022500735,UTA,Utah Jazz,ATL,Atlanta Hawks
2025-26,2026-02-05,0022500736,CHI,Chicago Bulls,TOR,Toronto Raptors
2025-26,2026-02-05,0022500737,CHA,Charlotte Hornets,HOU,Houston Rockets
2025-26,2026-02-05,0022500738,SAS,San Antonio Spurs,DAL,Dallas Mavericks
2025-26,2026-02-05,0022500739,GSW,Golden State Warriors,PHX,Phoenix Suns
2025-26,2026-02-05,0022500740,PHI,Philadelphia 76ers,LAL,Los Angeles Lakers
2025-26,2026-02-06,0022500741,MIA,Miami Heat,BOS,Boston Celtics
2025-26,2026-02-06,0022500742,NYK,New York Knicks,DET,Detroit Pistons
2025-26,2026-02-06,0022500743,IND,Indiana Pacers,MIL,Milwaukee Bucks
2025-26,2026-02-06,0022500744,NOP,New Orleans Pelicans,MIN,Minnesota Timberwolves
2025-26,2026-02-06,0022500745,MEM,Memphis Grizzlies,POR,Portland Trail Blazers
2025-26,2026-02-06,0022500746,LAC,LA Clippers,SAC,Sacramento Kings
2025-26,2026-02-07,0022500747,WAS,Washington Wizards,BKN,Brooklyn Nets
2025-26,2026-02-07,0022500748,HOU,Houston Rockets,OKC,Oklahoma City Thunder
2025-26,2026-02-07,0022500749,DAL,Dallas Mavericks,SAS,San Antonio Spurs
2025-26,2026-02-07,0022500750,UTA,Utah Jazz,ORL,Orlando Magic
2025-26,2026-02-07,0022500751,CHA,Charlotte Hornets,ATL,Atlanta Hawks
2025-26,2026-02-07,0022500752,DEN,Denver Nuggets,CHI,Chicago Bulls
2025-26,2026-02-07,0022500753,GSW,Golden State Warriors,LAL,Los Angeles Lakers
2025-26,2026-02-07,0022500754,PHI,Philadelphia 76ers,PHX,Phoenix Suns
2025-26,2026-02-07,0022500755,MEM,Memphis Grizzlies,POR,Portland Trail Blazers
2025-26,2026-02-07,0022500756,CLE,Cleveland Cavaliers,SAC,Sacramento Kings
2025-26,2026-02-08,0022500757,NYK,New York Knicks,BOS,Boston Celtics
2025-26,2026-02-08,0022500758,MIA,Miami Heat,WAS,Washington Wizards
2025-26,2026-02-08,0022500759,IND,Indiana Pacers,TOR,Toronto Raptors
2025-26,2026-02-08,0022500760,LAC,LA Clippers,MIN,Minnesota Timberwolves
2025-26,2026-02-09,0022500761,DET,Detroit Pistons,CHA,Charlotte Hornets
2025-26,2026-02-09,0022500762,CHI,Chicago Bulls,BKN,Brooklyn Nets
2025-26,2026-02-09,0022500763,UTA,Utah Jazz,MIA,Miami Heat
2025-26,2026-02-09,0022500764,MIL,Milwaukee Bucks,ORL,Orlando Magic
2025-26,2026-02-09,0022500765,ATL,Atlanta Hawks,MIN,Minnesota Timberwolves
2025-26,2026-02-09,0022500766,SAC,Sacramento Kings,NOP,New Orleans Pelicans
2025-26,2026-02-09,0022500767,CLE,Cleveland Cavaliers,DEN,Denver Nuggets
2025-26,2026-02-09,0022500768,MEM,Memphis Grizzlies,GSW,Golden State Warriors
2025-26,2026-02-09,0022500769,OKC,Oklahoma City Thunder,LAL,Los Angeles Lakers
2025-26,2026-02-09,0022500770,PHI,Philadelphia 76ers,POR,Portland Trail Blazers
2025-26,2026-02-10,0022500771,IND,Indiana Pacers,NYK,New York Knicks
2025-26,2026-02-10,0022500772,LAC,LA Clippers,HOU,Houston Rockets
2025-26,2026-02-10,0022500773,DAL,Dallas Mavericks,PHX,Phoenix Suns
2025-26,2026-02-10,0022500774,SAS,San Antonio Spurs,LAL,Los Angeles Lakers
2025-26,2026-02-11,0022500775,ATL,Atlanta Hawks,CHA,Charlotte Hornets
2025-26,2026-02-11,0022500776,WAS,Washington Wizards,CLE,Cleveland Cavaliers
2025-26,2026-02-11,0022500777,MIL,Milwaukee Bucks,ORL,Orlando Magic
2025-26,2026-02-11,0022500778,CHI,Chicago Bulls,BOS,Boston Celtics
2025-26,2026-02-11,0022500779,IND,Indiana Pacers,BKN,Brooklyn Nets
2025-26,2026-02-11,0022500780,NYK,New York Knicks,PHI,Philadelphia 76ers
2025-26,2026-02-11,0022500781,DET,Detroit Pistons,TOR,Toronto Raptors
2025-26,2026-02-11,0022500782,LAC,LA Clippers,HOU,Houston Rockets
2025-26,2026-02-11,0022500783,POR,Portland Trail Blazers,MIN,Minnesota Timberwolves
2025-26,2026-02-11,0022500784,MIA,Miami Heat,NOP,New Orleans Pelicans
2025-26,2026-02-11,0022500785,OKC,Oklahoma City Thunder,PHX,Phoenix Suns
2025-26,2026-02-11,0022500786,SAC,Sacramento Kings,UTA,Utah Jazz
2025-26,2026-02-11,0022500787,MEM,Memphis Grizzlies,DEN,Denver Nuggets
2025-26,2026-02-11,0022500788,SAS,San Antonio Spurs,GSW,Golden State Warriors
2025-26,2026-02-12,0022500789,MIL,Milwaukee Bucks,OKC,Oklahoma City Thunder
2025-26,2026-02-12,0022500790,POR,Portland Trail Blazers,UTA,Utah Jazz
2025-26,2026-02-12,0022500791,DAL,Dallas Mavericks,LAL,Los Angeles Lakers
2025-26,2026-02-13,0032500003,GNS,Team Giannis,ANT,Team Anthony
2025-26,2026-02-13,0032500004,AUS, Team Austin,MEL, Team Melo
2025-26,2026-02-13,0032500005,VIN, Team Vince,TMC, Team T-Mac
2025-26,2026-02-13,0032500006,VIN, Team Vince,MEL, Team Melo
2025-26,2026-02-15,0032500011,WLD, World,STR, Stars
2025-26,2026-02-15,0032500021,STR, Stars,STP, Stripes
2025-26,2026-02-15,0032500031,WLD, World,STP, Stripes
2025-26,2026-02-15,0032500041,STR, Stars,STP, Stripes
2025-26,2026-02-19,0022500792,HOU,Houston Rockets,CHA,Charlotte Hornets
2025-26,2026-02-19,0022500793,BKN,Brooklyn Nets,CLE,Cleveland Cavaliers
2025-26,2026-02-19,0022500794,ATL,Atlanta Hawks,PHI,Philadelphia 76ers
2025-26,2026-02-19,0022500795,IND,Indiana Pacers,WAS,Washington Wizards
2025-26,2026-02-19,0022500796,DET,Detroit Pistons,NYK,New York Knicks
2025-26,2026-02-19,0022500797,TOR,Toronto Raptors,CHI,Chicago Bulls
2025-26,2026-02-19,0022500798,PHX,Phoenix Suns,SAS,San Antonio Spurs
2025-26,2026-02-19,0022500799,BOS,Boston Celtics,GSW,Golden State Warriors
2025-26,2026-02-19,0022500800,ORL,Orlando Magic,SAC,Sacramento Kings
2025-26,2026-02-19,0022500801,DEN,Denver Nuggets,LAC,LA Clippers
2025-26,2026-02-20,0022500802,CLE,Cleveland Cavaliers,CHA,Charlotte Hornets
2025-26,2026-02-20,0022500803,IND,Indiana Pacers,WAS,Washington Wizards
2025-26,2026-02-20,0022500804,UTA,Utah Jazz,MEM,Memphis Grizzlies
2025-26,2026-02-20,0022500805,MIA,Miami Heat,ATL,Atlanta Hawks
2025-26,2026-02-20,0022500806,DAL,Dallas Mavericks,MIN,Minnesota Timberwolves
2025-26,2026-02-20,0022500807,MIL,Milwaukee Bucks,NOP,New Orleans Pelicans
2025-26,2026-02-20,0022500808,BKN,Brooklyn Nets,OKC,Oklahoma City Thunder
2025-26,2026-02-20,0022500809,LAC,LA Clippers,LAL,Los Angeles Lakers
2025-26,2026-02-20,0022500810,DEN,Denver Nuggets,POR,Portland Trail Blazers
2025-26,2026-02-21,0022500811,ORL,Orlando Magic,PHX,Phoenix Suns
2025-26,2026-02-21,0022500812,PHI,Philadelphia 76ers,NOP,New Orleans Pelicans
2025-26,2026-02-21,0022500813,MEM,Memphis Grizzlies,MIA,Miami Heat
2025-26,2026-02-21,0022500814,DET,Detroit Pistons,CHI,Chicago Bulls
2025-26,2026-02-21,0022500815,SAC,Sacramento Kings,SAS,San Antonio Spurs
2025-26,2026-02-21,0022500816,HOU,Houston Rockets,NYK,New York Knicks
2025-26,2026-02-22,0022500817,CLE,Cleveland Cavaliers,OKC,Oklahoma City Thunder
2025-26,2026-02-22,0022500818,BKN,Brooklyn Nets,ATL,Atlanta Hawks
2025-26,2026-02-22,0022500819,TOR,Toronto Raptors,MIL,Milwaukee Bucks
2025-26,2026-02-22,0022500820,DEN,Denver Nuggets,GSW,Golden State Warriors
2025-26,2026-02-22,0022500821,DAL,Dallas Mavericks,IND,Indiana Pacers
2025-26,2026-02-22,0022500822,CHA,Charlotte Hornets,WAS,Washington Wizards
2025-26,2026-02-22,0022500823,BOS,Boston Celtics,LAL,Los Angeles Lakers
2025-26,2026-02-22,0022500824,PHI,Philadelphia 76ers,MIN,Minnesota Timberwolves
2025-26,2026-02-22,0022500825,NYK,New York Knicks,CHI,Chicago Bulls
2025-26,2026-02-22,0022500826,POR,Portland Trail Blazers,PHX,Phoenix Suns
2025-26,2026-02-22,0022500827,ORL,Orlando Magic,LAC,LA Clippers
2025-26,2026-02-23,0022500828,SAS,San Antonio Spurs,DET,Detroit Pistons
2025-26,2026-02-23,0022500829,SAC,Sacramento Kings,MEM,Memphis Grizzlies
2025-26,2026-02-23,0022500830,UTA,Utah Jazz,HOU,Houston Rockets
2025-26,2026-02-24,0022500831,PHI,Philadelphia 76ers,IND,Indiana Pacers
2025-26,2026-02-24,0022500832,WAS,Washington Wizards,ATL,Atlanta Hawks
2025-26,2026-02-24,0022500833,DAL,Dallas Mavericks,BKN,Brooklyn Nets
2025-26,2026-02-24,0022500834,OKC,Oklahoma City Thunder,TOR,Toronto Raptors
2025-26,2026-02-24,0022500835,NYK,New York Knicks,CLE,Cleveland Cavaliers
2025-26,2026-02-24,0022500836,CHA,Charlotte Hornets,CHI,Chicago Bulls
2025-26,2026-02-24,0022500837,MIA,Miami Heat,MIL,Milwaukee Bucks
2025-26,2026-02-24,0022500838,GSW,Golden State Warriors,NOP,New Orleans Pelicans
2025-26,2026-02-24,0022500839,BOS,Boston Celtics,PHX,Phoenix Suns
2025-26,2026-02-24,0022500840,ORL,Orlando Magic,LAL,Los Angeles Lakers
2025-26,2026-02-24,0022500841,MIN,Minnesota Timberwolves,POR,Portland Trail Blazers
2025-26,2026-02-25,0022500842,OKC,Oklahoma City Thunder,DET,Detroit Pistons
2025-26,2026-02-25,0022500843,SAS,San Antonio Spurs,TOR,Toronto Raptors
2025-26,2026-02-25,0022500844,GSW,Golden State Warriors,MEM,Memphis Grizzlies
2025-26,2026-02-25,0022500845,SAC,Sacramento Kings,HOU,Houston Rockets
2025-26,2026-02-25,0022500846,CLE,Cleveland Cavaliers,MIL,Milwaukee Bucks
2025-26,2026-02-25,0022500847,BOS,Boston Celtics,DEN,Denver Nuggets
2025-26,2026-02-26,0022500848,CHA,Charlotte Hornets,IND,Indiana Pacers
2025-26,2026-02-26,0022500849,MIA,Miami Heat,PHI,Philadelphia 76ers
2025-26,2026-02-26,0022500850,WAS,Washington Wizards,ATL,Atlanta Hawks
2025-26,2026-02-26,0022500851,SAS,San Antonio Spurs,BKN,Brooklyn Nets
2025-26,2026-02-26,0022500852,HOU,Houston Rockets,ORL,Orlando Magic
2025-26,2026-02-26,0022500853,POR,Portland Trail Blazers,CHI,Chicago Bulls
2025-26,2026-02-26,0022500854,SAC,Sacramento Kings,DAL,Dallas Mavericks
2025-26,2026-02-26,0022500855,LAL,Los Angeles Lakers,PHX,Phoenix Suns
2025-26,2026-02-26,0022500856,NOP,New Orleans Pelicans,UTA,Utah Jazz
2025-26,2026-02-26,0022500857,MIN,Minnesota Timberwolves,LAC,LA Clippers
2025-26,2026-02-27,0022500858,CLE,Cleveland Cavaliers,DET,Detroit Pistons
2025-26,2026-02-27,0022500859,BKN,Brooklyn Nets,BOS,Boston Celtics
2025-26,2026-02-27,0022500860,NYK,New York Knicks,MIL,Milwaukee Bucks
2025-26,2026-02-27,0022500861,MEM,Memphis Grizzlies,DAL,Dallas Mavericks
2025-26,2026-02-27,0022500862,DEN,Denver Nuggets,OKC,Oklahoma City Thunder
2025-26,2026-02-28,0022500863,POR,Portland Trail Blazers,CHA,Charlotte Hornets
2025-26,2026-02-28,0022500864,HOU,Houston Rockets,MIA,Miami Heat
2025-26,2026-02-28,0022500865,TOR,Toronto Raptors,WAS,Washington Wizards
2025-26,2026-02-28,0022500866,LAL,Los Angeles Lakers,GSW,Golden State Warriors
2025-26,2026-02-28,0022500867,NOP,New Orleans Pelicans,UTA,Utah Jazz
2025-26,2026-03-01,0022500868,SAS,San Antonio Spurs,NYK,New York Knicks
2025-26,2026-03-01,0022500869,CLE,Cleveland Cavaliers,BKN,Brooklyn Nets
2025-26,2026-03-01,0022500870,MIL,Milwaukee Bucks,CHI,Chicago Bulls
2025-26,2026-03-01,0022500871,MIN,Minnesota Timberwolves,DEN,Denver Nuggets
2025-26,2026-03-01,0022500872,MEM,Memphis Grizzlies,IND,Indiana Pacers
2025-26,2026-03-01,0022500873,POR,Portland Trail Blazers,ATL,Atlanta Hawks
2025-26,2026-03-01,0022500874,PHI,Philadelphia 76ers,BOS,Boston Celtics
2025-26,2026-03-01,0022500875,DET,Detroit Pistons,ORL,Orlando Magic
2025-26,2026-03-01,0022500876,OKC,Oklahoma City Thunder,DAL,Dallas Mavericks
2025-26,2026-03-01,0022500877,NOP,New Orleans Pelicans,LAC,LA Clippers
2025-26,2026-03-01,0022500878,SAC,Sacramento Kings,LAL,Los Angeles Lakers
2025-26,2026-03-02,0022500879,HOU,Houston Rockets,WAS,Washington Wizards
2025-26,2026-03-02,0022500880,BOS,Boston Celtics,MIL,Milwaukee Bucks
2025-26,2026-03-02,0022500881,DEN,Denver Nuggets,UTA,Utah Jazz
2025-26,2026-03-02,0022500882,LAC,LA Clippers,GSW,Golden State Warriors
2025-26,2026-03-03,0022500883,DAL,Dallas Mavericks,CHA,Charlotte Hornets
2025-26,2026-03-03,0022500884,DET,Detroit Pistons,CLE,Cleveland Cavaliers
2025-26,2026-03-03,0022500885,WAS,Washington Wizards,ORL,Orlando Magic
2025-26,2026-03-03,0022500886,BKN,Brooklyn Nets,MIA,Miami Heat
2025-26,2026-03-03,0022500887,NYK,New York Knicks,TOR,Toronto Raptors
2025-26,2026-03-03,0022500888,SAS,San Antonio Spurs,PHI,Philadelphia 76ers
2025-26,2026-03-03,0022500889,OKC,Oklahoma City Thunder,CHI,Chicago Bulls
2025-26,2026-03-03,0022500890,MEM,Memphis Grizzlies,MIN,Minnesota Timberwolves
2025-26,2026-03-03,0022500891,NOP,New Orleans Pelicans,LAL,Los Angeles Lakers
2025-26,2026-03-03,0022500892,PHX,Phoenix Suns,SAC,Sacramento Kings
2025-26,2026-03-04,0022500893,OKC,Oklahoma City Thunder,NYK,New York Knicks
2025-26,2026-03-04,0022500894,CHA,Charlotte Hornets,BOS,Boston Celtics
2025-26,2026-03-04,0022500895,UTA,Utah Jazz,PHI,Philadelphia 76ers
2025-26,2026-03-04,0022500896,POR,Portland Trail Blazers,MEM,Memphis Grizzlies
2025-26,2026-03-04,0022500897,ATL,Atlanta Hawks,MIL,Milwaukee Bucks
2025-26,2026-03-04,0022500898,IND,Indiana Pacers,LAC,LA Clippers
2025-26,2026-03-05,0022500899,DAL,Dallas Mavericks,ORL,Orlando Magic
2025-26,2026-03-05,0022500900,UTA,Utah Jazz,WAS,Washington Wizards
2025-26,2026-03-05,0022500901,BKN,Brooklyn Nets,MIA,Miami Heat
2025-26,2026-03-05,0022500902,GSW,Golden State Warriors,HOU,Houston Rockets
2025-26,2026-03-05,0022500903,TOR,Toronto Raptors,MIN,Minnesota Timberwolves
2025-26,2026-03-05,0022500904,DET,Detroit Pistons,SAS,San Antonio Spurs
2025-26,2026-03-05,0022500905,CHI,Chicago Bulls,PHX,Phoenix Suns
2025-26,2026-03-05,0022500906,LAL,Los Angeles Lakers,DEN,Denver Nuggets
2025-26,2026-03-05,0022500907,NOP,New Orleans Pelicans,SAC,Sacramento Kings
2025-26,2026-03-06,0022500908,DAL,Dallas Mavericks,BOS,Boston Celtics
2025-26,2026-03-06,0022500909,MIA,Miami Heat,CHA,Charlotte Hornets
2025-26,2026-03-06,0022500910,POR,Portland Trail Blazers,HOU,Houston Rockets
2025-26,2026-03-06,0022500911,NYK,New York Knicks,DEN,Denver Nuggets
2025-26,2026-03-06,0022500912,NOP,New Orleans Pelicans,PHX,Phoenix Suns
2025-26,2026-03-06,0022500913,LAC,LA Clippers,SAS,San Antonio Spurs
2025-26,2026-03-06,0022500914,IND,Indiana Pacers,LAL,Los Angeles Lakers
2025-26,2026-03-07,0022500915,ORL,Orlando Magic,MIN,Minnesota Timberwolves
2025-26,2026-03-07,0022500916,BKN,Brooklyn Nets,DET,Detroit Pistons
2025-26,2026-03-07,0022500917,PHI,Philadelphia 76ers,ATL,Atlanta Hawks
2025-26,2026-03-07,0022500918,LAC,LA Clippers,MEM,Memphis Grizzlies
2025-26,2026-03-07,0022500919,UTA,Utah Jazz,MIL,Milwaukee Bucks
2025-26,2026-03-07,0022500920,GSW,Golden State Warriors,OKC,Oklahoma City Thunder
2025-26,2026-03-08,0022500921,BOS,Boston Celtics,CLE,Cleveland Cavaliers
2025-26,2026-03-08,0022500922,NYK,New York Knicks,LAL,Los Angeles Lakers
2025-26,2026-03-08,0022500923,DET,Detroit Pistons,MIA,Miami Heat
2025-26,2026-03-08,0022500924,DAL,Dallas Mavericks,TOR,Toronto Raptors
2025-26,2026-03-08,0022500925,WAS,Washington Wizards,NOP,New Orleans Pelicans
2025-26,2026-03-08,0022500926,ORL,Orlando Magic,MIL,Milwaukee Bucks
2025-26,2026-03-08,0022500927,HOU,Houston Rockets,SAS,San Antonio Spurs
2025-26,2026-03-08,0022500928,CHA,Charlotte Hornets,PHX,Phoenix Suns
2025-26,2026-03-08,0022500929,IND,Indiana Pacers,POR,Portland Trail Blazers
2025-26,2026-03-08,0022500930,CHI,Chicago Bulls,SAC,Sacramento Kings
2025-26,2026-03-09,0022500931,PHI,Philadelphia 76ers,CLE,Cleveland Cavaliers
2025-26,2026-03-09,0022500932,MEM,Memphis Grizzlies,BKN,Brooklyn Nets
2025-26,2026-03-09,0022500933,DEN,Denver Nuggets,OKC,Oklahoma City Thunder
2025-26,2026-03-09,0022500934,GSW,Golden State Warriors,UTA,Utah Jazz
2025-26,2026-03-09,0022500935,NYK,New York Knicks,LAC,LA Clippers
2025-26,2026-03-10,0022500936,MEM,Memphis Grizzlies,PHI,Philadelphia 76ers
2025-26,2026-03-10,0022500937,DET,Detroit Pistons,BKN,Brooklyn Nets
2025-26,2026-03-10,0022500938,WAS,Washington Wizards,MIA,Miami Heat
2025-26,2026-03-10,0022500939,DAL,Dallas Mavericks,ATL,Atlanta Hawks
2025-26,2026-03-10,0022500940,TOR,Toronto Raptors,HOU,Houston Rockets
2025-26,2026-03-10,0022500941,PHX,Phoenix Suns,MIL,Milwaukee Bucks
2025-26,2026-03-10,0022500942,BOS,Boston Celtics,SAS,San Antonio Spurs
2025-26,2026-03-10,0022500943,CHI,Chicago Bulls,GSW,Golden State Warriors
2025-26,2026-03-10,0022500944,CHA,Charlotte Hornets,POR,Portland Trail Blazers
2025-26,2026-03-10,0022500945,IND,Indiana Pacers,SAC,Sacramento Kings
2025-26,2026-03-10,0022500946,MIN,Minnesota Timberwolves,LAL,Los Angeles Lakers
2025-26,2026-03-11,0022500947,CLE,Cleveland Cavaliers,ORL,Orlando Magic
2025-26,2026-03-11,0022500948,TOR,Toronto Raptors,NOP,New Orleans Pelicans
2025-26,2026-03-11,0022500949,NYK,New York Knicks,UTA,Utah Jazz
2025-26,2026-03-11,0022500950,HOU,Houston Rockets,DEN,Denver Nuggets
2025-26,2026-03-11,0022500951,CHA,Charlotte Hornets,SAC,Sacramento Kings
2025-26,2026-03-11,0022500952,MIN,Minnesota Timberwolves,LAC,LA Clippers
2025-26,2026-03-12,0022500953,PHI,Philadelphia 76ers,DET,Detroit Pistons
2025-26,2026-03-12,0022500954,PHX,Phoenix Suns,IND,Indiana Pacers
2025-26,2026-03-12,0022500955,WAS,Washington Wizards,ORL,Orlando Magic
2025-26,2026-03-12,0022500956,BKN,Brooklyn Nets,ATL,Atlanta Hawks
2025-26,2026-03-12,0022500957,MIL,Milwaukee Bucks,MIA,Miami Heat
2025-26,2026-03-12,0022500958,DEN,Denver Nuggets,SAS,San Antonio Spurs
2025-26,2026-03-12,0022500959,BOS,Boston Celtics,OKC,Oklahoma City Thunder
2025-26,2026-03-12,0022500960,CHI,Chicago Bulls,LAL,Los Angeles Lakers
2025-26,2026-03-12,0022501111,DAL,Dallas Mavericks,MEM,Memphis Grizzlies
2025-26,2026-03-13,0022500961,MEM,Memphis Grizzlies,DET,Detroit Pistons
2025-26,2026-03-13,0022500962,NYK,New York Knicks,IND,Indiana Pacers
2025-26,2026-03-13,0022500963,PHX,Phoenix Suns,TOR,Toronto Raptors
2025-26,2026-03-13,0022500964,NOP,New Orleans Pelicans,HOU,Houston Rockets
2025-26,2026-03-13,0022500965,CLE,Cleveland Cavaliers,DAL,Dallas Mavericks
2025-26,2026-03-13,0022500966,MIN,Minnesota Timberwolves,GSW,Golden State Warriors
2025-26,2026-03-13,0022500967,UTA,Utah Jazz,POR,Portland Trail Blazers
2025-26,2026-03-13,0022500968,CHI,Chicago Bulls,LAC,LA Clippers
2025-26,2026-03-14,0022500969,BKN,Brooklyn Nets,PHI,Philadelphia 76ers
2025-26,2026-03-14,0022500970,MIL,Milwaukee Bucks,ATL,Atlanta Hawks
2025-26,2026-03-14,0022500971,WAS,Washington Wizards,BOS,Boston Celtics
2025-26,2026-03-14,0022500972,ORL,Orlando Magic,MIA,Miami Heat
2025-26,2026-03-14,0022500973,CHA,Charlotte Hornets,SAS,San Antonio Spurs
2025-26,2026-03-14,0022500974,DEN,Denver Nuggets,LAL,Los Angeles Lakers
2025-26,2026-03-14,0022500975,SAC,Sacramento Kings,LAC,LA Clippers
2025-26,2026-03-15,0022500976,MIN,Minnesota Timberwolves,OKC,Oklahoma City Thunder
2025-26,2026-03-15,0022500977,DAL,Dallas Mavericks,CLE,Cleveland Cavaliers
2025-26,2026-03-15,0022500978,DET,Detroit Pistons,TOR,Toronto Raptors
2025-26,2026-03-15,0022500979,IND,Indiana Pacers,MIL,Milwaukee Bucks
2025-26,2026-03-15,0022500980,POR,Portland Trail Blazers,PHI,Philadelphia 76ers
2025-26,2026-03-15,0022500981,GSW,Golden State Warriors,NYK,New York Knicks
2025-26,2026-03-15,0022500982,UTA,Utah Jazz,SAC,Sacramento Kings
2025-26,2026-03-16,0022500983,ORL,Orlando Magic,ATL,Atlanta Hawks
2025-26,2026-03-16,0022500984,GSW,Golden State Warriors,WAS,Washington Wizards
2025-26,2026-03-16,0022500985,POR,Portland Trail Blazers,BKN,Brooklyn Nets
2025-26,2026-03-16,0022500986,PHX,Phoenix Suns,BOS,Boston Celtics
2025-26,2026-03-16,0022500987,MEM,Memphis Grizzlies,CHI,Chicago Bulls
2025-26,2026-03-16,0022500988,DAL,Dallas Mavericks,NOP,New Orleans Pelicans
2025-26,2026-03-16,0022500989,LAL,Los Angeles Lakers,HOU,Houston Rockets
2025-26,2026-03-16,0022500990,SAS,San Antonio Spurs,LAC,LA Clippers
2025-26,2026-03-17,0022500991,MIA,Miami Heat,CHA,Charlotte Hornets
2025-26,2026-03-17,0022500992,OKC,Oklahoma City Thunder,ORL,Orlando Magic
2025-26,2026-03-17,0022500993,DET,Detroit Pistons,WAS,Washington Wizards
2025-26,2026-03-17,0022500994,IND,Indiana Pacers,NYK,New York Knicks
2025-26,2026-03-17,0022500995,CLE,Cleveland Cavaliers,MIL,Milwaukee Bucks
2025-26,2026-03-17,0022500996,PHX,Phoenix Suns,MIN,Minnesota Timberwolves
2025-26,2026-03-17,0022500997,PHI,Philadelphia 76ers,DEN,Denver Nuggets
2025-26,2026-03-17,0022500998,SAS,San Antonio Spurs,SAC,Sacramento Kings
2025-26,2026-03-18,0022500651,DEN,Denver Nuggets,MEM,Memphis Grizzlies
2025-26,2026-03-18,0022500999,GSW,Golden State Warriors,BOS,Boston Celtics
2025-26,2026-03-18,0022501000,OKC,Oklahoma City Thunder,BKN,Brooklyn Nets
2025-26,2026-03-18,0022501001,POR,Portland Trail Blazers,IND,Indiana Pacers
2025-26,2026-03-18,0022501002,TOR,Toronto Raptors,CHI,Chicago Bulls
2025-26,2026-03-18,0022501004,UTA,Utah Jazz,MIN,Minnesota Timberwolves
2025-26,2026-03-18,0022501005,LAC,LA Clippers,NOP,New Orleans Pelicans
2025-26,2026-03-18,0022501006,ATL,Atlanta Hawks,DAL,Dallas Mavericks
2025-26,2026-03-18,0022501007,LAL,Los Angeles Lakers,HOU,Houston Rockets
2025-26,2026-03-19,0022501008,ORL,Orlando Magic,CHA,Charlotte Hornets
2025-26,2026-03-19,0022501009,DET,Detroit Pistons,WAS,Washington Wizards
2025-26,2026-03-19,0022501010,LAL,Los Angeles Lakers,MIA,Miami Heat
2025-26,2026-03-19,0022501011,CLE,Cleveland Cavaliers,CHI,Chicago Bulls
2025-26,2026-03-19,0022501012,LAC,LA Clippers,NOP,New Orleans Pelicans
2025-26,2026-03-19,0022501013,PHX,Phoenix Suns,SAS,San Antonio Spurs
2025-26,2026-03-19,0022501014,MIL,Milwaukee Bucks,UTA,Utah Jazz
2025-26,2026-03-19,0022501015,PHI,Philadelphia 76ers,SAC,Sacramento Kings
2025-26,2026-03-20,0022501016,NYK,New York Knicks,BKN,Brooklyn Nets
2025-26,2026-03-20,0022501017,GSW,Golden State Warriors,DET,Detroit Pistons
2025-26,2026-03-20,0022501018,ATL,Atlanta Hawks,HOU,Houston Rockets
2025-26,2026-03-20,0022501019,BOS,Boston Celtics,MEM,Memphis Grizzlies
2025-26,2026-03-20,0022501020,POR,Portland Trail Blazers,MIN,Minnesota Timberwolves
2025-26,2026-03-20,0022501021,TOR,Toronto Raptors,DEN,Denver Nuggets
2025-26,2026-03-21,0022501022,OKC,Oklahoma City Thunder,WAS,Washington Wizards
2025-26,2026-03-21,0022501023,MEM,Memphis Grizzlies,CHA,Charlotte Hornets
2025-26,2026-03-21,0022501024,LAL,Los Angeles Lakers,ORL,Orlando Magic
2025-26,2026-03-21,0022501025,CLE,Cleveland Cavaliers,NOP,New Orleans Pelicans
2025-26,2026-03-21,0022501026,GSW,Golden State Warriors,ATL,Atlanta Hawks
2025-26,2026-03-21,0022501027,MIA,Miami Heat,HOU,Houston Rockets
2025-26,2026-03-21,0022501028,IND,Indiana Pacers,SAS,San Antonio Spurs
2025-26,2026-03-21,0022501029,LAC,LA Clippers,DAL,Dallas Mavericks
2025-26,2026-03-21,0022501030,PHI,Philadelphia 76ers,UTA,Utah Jazz
2025-26,2026-03-21,0022501031,MIL,Milwaukee Bucks,PHX,Phoenix Suns
2025-26,2026-03-22,0022501032,POR,Portland Trail Blazers,DEN,Denver Nuggets
2025-26,2026-03-22,0022501033,BKN,Brooklyn Nets,SAC,Sacramento Kings
2025-26,2026-03-22,0022501034,WAS,Washington Wizards,NYK,New York Knicks
2025-26,2026-03-22,0022501035,MIN,Minnesota Timberwolves,BOS,Boston Celtics
2025-26,2026-03-22,0022501036,TOR,Toronto Raptors,PHX,Phoenix Suns
2025-26,2026-03-23,0022501037,MEM,Memphis Grizzlies,ATL,Atlanta Hawks
2025-26,2026-03-23,0022501038,LAL,Los Angeles Lakers,DET,Detroit Pistons
2025-26,2026-03-23,0022501039,IND,Indiana Pacers,ORL,Orlando Magic
2025-26,2026-03-23,0022501040,OKC,Oklahoma City Thunder,PHI,Philadelphia 76ers
2025-26,2026-03-23,0022501041,SAS,San Antonio Spurs,MIA,Miami Heat
2025-26,2026-03-23,0022501042,HOU,Houston Rockets,CHI,Chicago Bulls
2025-26,2026-03-23,0022501043,TOR,Toronto Raptors,UTA,Utah Jazz
2025-26,2026-03-23,0022501044,GSW,Golden State Warriors,DAL,Dallas Mavericks
2025-26,2026-03-23,0022501045,BKN,Brooklyn Nets,POR,Portland Trail Blazers
2025-26,2026-03-23,0022501046,MIL,Milwaukee Bucks,LAC,LA Clippers
2025-26,2026-03-24,0022501047,SAC,Sacramento Kings,CHA,Charlotte Hornets
2025-26,2026-03-24,0022501048,NOP,New Orleans Pelicans,NYK,New York Knicks
2025-26,2026-03-24,0022501049,ORL,Orlando Magic,CLE,Cleveland Cavaliers
2025-26,2026-03-24,0022501050,DEN,Denver Nuggets,PHX,Phoenix Suns
2025-26,2026-03-25,0022501051,ATL,Atlanta Hawks,DET,Detroit Pistons
2025-26,2026-03-25,0022501052,LAL,Los Angeles Lakers,IND,Indiana Pacers
2025-26,2026-03-25,0022501053,CHI,Chicago Bulls,PHI,Philadelphia 76ers
2025-26,2026-03-25,0022501054,OKC,Oklahoma City Thunder,BOS,Boston Celtics
2025-26,2026-03-25,0022501055,MIA,Miami Heat,CLE,Cleveland Cavaliers
2025-26,2026-03-25,0022501056,SAS,San Antonio Spurs,MEM,Memphis Grizzlies
2025-26,2026-03-25,0022501057,WAS,Washington Wizards,UTA,Utah Jazz
2025-26,2026-03-25,0022501058,HOU,Houston Rockets,MIN,Minnesota Timberwolves
2025-26,2026-03-25,0022501059,DAL,Dallas Mavericks,DEN,Denver Nuggets
2025-26,2026-03-25,0022501060,BKN,Brooklyn Nets,GSW,Golden State Warriors
2025-26,2026-03-25,0022501061,MIL,Milwaukee Bucks,POR,Portland Trail Blazers
2025-26,2026-03-25,0022501062,TOR,Toronto Raptors,LAC,LA Clippers
2025-26,2026-03-26,0022501063,NYK,New York Knicks,CHA,Charlotte Hornets
2025-26,2026-03-26,0022501064,NOP,New Orleans Pelicans,DET,Detroit Pistons
2025-26,2026-03-26,0022501065,SAC,Sacramento Kings,ORL,Orlando Magic
2025-26,2026-03-27,0022501066,LAC,LA Clippers,IND,Indiana Pacers
2025-26,2026-03-27,0022501067,ATL,Atlanta Hawks,BOS,Boston Celtics
2025-26,2026-03-27,0022501068,MIA,Miami Heat,CLE,Cleveland Cavaliers
2025-26,2026-03-27,0022501069,HOU,Houston Rockets,MEM,Memphis Grizzlies
2025-26,2026-03-27,0022501070,CHI,Chicago Bulls,OKC,Oklahoma City Thunder
2025-26,2026-03-27,0022501071,NOP,New Orleans Pelicans,TOR,Toronto Raptors
2025-26,2026-03-27,0022501072,UTA,Utah Jazz,DEN,Denver Nuggets
2025-26,2026-03-27,0022501073,WAS,Washington Wizards,GSW,Golden State Warriors
2025-26,2026-03-27,0022501074,DAL,Dallas Mavericks,POR,Portland Trail Blazers
2025-26,2026-03-27,0022501075,BKN,Brooklyn Nets,LAL,Los Angeles Lakers
2025-26,2026-03-28,0022501076,SAS,San Antonio Spurs,MIL,Milwaukee Bucks
2025-26,2026-03-28,0022501077,PHI,Philadelphia 76ers,CHA,Charlotte Hornets
2025-26,2026-03-28,0022501078,SAC,Sacramento Kings,ATL,Atlanta Hawks
2025-26,2026-03-28,0022501079,CHI,Chicago Bulls,MEM,Memphis Grizzlies
2025-26,2026-03-28,0022501080,DET,Detroit Pistons,MIN,Minnesota Timberwolves
2025-26,2026-03-28,0022501081,UTA,Utah Jazz,PHX,Phoenix Suns
2025-26,2026-03-29,0022501082,LAC,LA Clippers,MIL,Milwaukee Bucks
2025-26,2026-03-29,0022501083,MIA,Miami Heat,IND,Indiana Pacers
2025-26,2026-03-29,0022501084,SAC,Sacramento Kings,BKN,Brooklyn Nets
2025-26,2026-03-29,0022501085,BOS,Boston Celtics,CHA,Charlotte Hornets
2025-26,2026-03-29,0022501086,ORL,Orlando Magic,TOR,Toronto Raptors
2025-26,2026-03-29,0022501087,WAS,Washington Wizards,POR,Portland Trail Blazers
2025-26,2026-03-29,0022501088,HOU,Houston Rockets,NOP,New Orleans Pelicans
2025-26,2026-03-29,0022501089,NYK,New York Knicks,OKC,Oklahoma City Thunder
2025-26,2026-03-29,0022501090,GSW,Golden State Warriors,DEN,Denver Nuggets
2025-26,2026-03-30,0022501091,PHI,Philadelphia 76ers,MIA,Miami Heat
2025-26,2026-03-30,0022501092,BOS,Boston Celtics,ATL,Atlanta Hawks
2025-26,2026-03-30,0022501093,PHX,Phoenix Suns,MEM,Memphis Grizzlies
2025-26,2026-03-30,0022501094,CHI,Chicago Bulls,SAS,San Antonio Spurs
2025-26,2026-03-30,0022501095,MIN,Minnesota Timberwolves,DAL,Dallas Mavericks
2025-26,2026-03-30,0022501096,CLE,Cleveland Cavaliers,UTA,Utah Jazz
2025-26,2026-03-30,0022501097,DET,Detroit Pistons,OKC,Oklahoma City Thunder
2025-26,2026-03-30,0022501098,WAS,Washington Wizards,LAL,Los Angeles Lakers
2025-26,2026-03-31,0022500652,DAL,Dallas Mavericks,MIL,Milwaukee Bucks
2025-26,2026-03-31,0022501099,PHX,Phoenix Suns,ORL,Orlando Magic
2025-26,2026-03-31,0022501100,CHA,Charlotte Hornets,BKN,Brooklyn Nets
2025-26,2026-03-31,0022501101,TOR,Toronto Raptors,DET,Detroit Pistons
2025-26,2026-03-31,0022501102,NYK,New York Knicks,HOU,Houston Rockets
2025-26,2026-03-31,0022501103,CLE,Cleveland Cavaliers,LAL,Los Angeles Lakers
2025-26,2026-03-31,0022501104,POR,Portland Trail Blazers,LAC,LA Clippers
2025-26,2026-04-01,0022501003,NYK,New York Knicks,MEM,Memphis Grizzlies
2025-26,2026-04-01,0022501105,PHI,Philadelphia 76ers,WAS,Washington Wizards
2025-26,2026-04-01,0022501106,BOS,Boston Celtics,MIA,Miami Heat
2025-26,2026-04-01,0022501107,ATL,Atlanta Hawks,ORL,Orlando Magic
2025-26,2026-04-01,0022501108,SAC,Sacramento Kings,TOR,Toronto Raptors
2025-26,2026-04-01,0022501109,IND,Indiana Pacers,CHI,Chicago Bulls
2025-26,2026-04-01,0022501110,MIL,Milwaukee Bucks,HOU,Houston Rockets
2025-26,2026-04-01,0022501112,DEN,Denver Nuggets,UTA,Utah Jazz
2025-26,2026-04-01,0022501113,SAS,San Antonio Spurs,GSW,Golden State Warriors
2025-26,2026-04-02,0022501114,PHX,Phoenix Suns,CHA,Charlotte Hornets
2025-26,2026-04-02,0022501115,MIN,Minnesota Timberwolves,DET,Detroit Pistons
2025-26,2026-04-02,0022501116,LAL,Los Angeles Lakers,OKC,Oklahoma City Thunder
2025-26,2026-04-02,0022501117,CLE,Cleveland Cavaliers,GSW,Golden State Warriors
2025-26,2026-04-02,0022501118,NOP,New Orleans Pelicans,POR,Portland Trail Blazers
2025-26,2026-04-02,0022501119,SAS,San Antonio Spurs,LAC,LA Clippers
2025-26,2026-04-03,0022501120,IND,Indiana Pacers,CHA,Charlotte Hornets
2025-26,2026-04-03,0022501121,MIN,Minnesota Timberwolves,PHI,Philadelphia 76ers
2025-26,2026-04-03,0022501122,ATL,Atlanta Hawks,BKN,Brooklyn Nets
2025-26,2026-04-03,0022501123,CHI,Chicago Bulls,NYK,New York Knicks
2025-26,2026-04-03,0022501124,UTA,Utah Jazz,HOU,Houston Rockets
2025-26,2026-04-03,0022501125,TOR,Toronto Raptors,MEM,Memphis Grizzlies
2025-26,2026-04-03,0022501126,BOS,Boston Celtics,MIL,Milwaukee Bucks
2025-26,2026-04-03,0022501127,ORL,Orlando Magic,DAL,Dallas Mavericks
2025-26,2026-04-03,0022501128,NOP,New Orleans Pelicans,SAC,Sacramento Kings
2025-26,2026-04-04,0022501129,WAS,Washington Wizards,MIA,Miami Heat
2025-26,2026-04-04,0022501130,SAS,San Antonio Spurs,DEN,Denver Nuggets
2025-26,2026-04-04,0022501131,DET,Detroit Pistons,PHI,Philadelphia 76ers
2025-26,2026-04-05,0022501132,TOR,Toronto Raptors,BOS,Boston Celtics
2025-26,2026-04-05,0022501133,WAS,Washington Wizards,BKN,Brooklyn Nets
2025-26,2026-04-05,0022501134,PHX,Phoenix Suns,CHI,Chicago Bulls
2025-26,2026-04-05,0022501135,MEM,Memphis Grizzlies,MIL,Milwaukee Bucks
2025-26,2026-04-05,0022501136,IND,Indiana Pacers,CLE,Cleveland Cavaliers
2025-26,2026-04-05,0022501137,CHA,Charlotte Hornets,MIN,Minnesota Timberwolves
2025-26,2026-04-05,0022501138,ORL,Orlando Magic,NOP,New Orleans Pelicans
2025-26,2026-04-05,0022501139,UTA,Utah Jazz,OKC,Oklahoma City Thunder
2025-26,2026-04-05,0022501140,LAL,Los Angeles Lakers,DAL,Dallas Mavericks
2025-26,2026-04-05,0022501141,LAC,LA Clippers,SAC,Sacramento Kings
2025-26,2026-04-05,0022501142,HOU,Houston Rockets,GSW,Golden State Warriors
2025-26,2026-04-06,0022501143,NYK,New York Knicks,ATL,Atlanta Hawks
2025-26,2026-04-06,0022501144,DET,Detroit Pistons,ORL,Orlando Magic
2025-26,2026-04-06,0022501145,CLE,Cleveland Cavaliers,MEM,Memphis Grizzlies
2025-26,2026-04-06,0022501146,PHI,Philadelphia 76ers,SAS,San Antonio Spurs
2025-26,2026-04-06,0022501147,POR,Portland Trail Blazers,DEN,Denver Nuggets
2025-26,2026-04-07,0022501148,CHI,Chicago Bulls,WAS,Washington Wizards
2025-26,2026-04-07,0022501149,CHA,Charlotte Hornets,BOS,Boston Celtics
2025-26,2026-04-07,0022501150,MIL,Milwaukee Bucks,BKN,Brooklyn Nets
2025-26,2026-04-07,0022501151,MIA,Miami Heat,TOR,Toronto Raptors
2025-26,2026-04-07,0022501152,MIN,Minnesota Timberwolves,IND,Indiana Pacers
2025-26,2026-04-07,0022501153,UTA,Utah Jazz,NOP,New Orleans Pelicans
2025-26,2026-04-07,0022501154,SAC,Sacramento Kings,GSW,Golden State Warriors
2025-26,2026-04-07,0022501155,OKC,Oklahoma City Thunder,LAL,Los Angeles Lakers
2025-26,2026-04-07,0022501156,DAL,Dallas Mavericks,LAC,LA Clippers
2025-26,2026-04-07,0022501157,HOU,Houston Rockets,PHX,Phoenix Suns
2025-26,2026-04-08,0022501158,ATL,Atlanta Hawks,CLE,Cleveland Cavaliers
2025-26,2026-04-08,0022501159,MIN,Minnesota Timberwolves,ORL,Orlando Magic
2025-26,2026-04-08,0022501160,MIL,Milwaukee Bucks,DET,Detroit Pistons
2025-26,2026-04-08,0022501161,POR,Portland Trail Blazers,SAS,San Antonio Spurs
2025-26,2026-04-08,0022501162,MEM,Memphis Grizzlies,DEN,Denver Nuggets
2025-26,2026-04-08,0022501163,OKC,Oklahoma City Thunder,LAC,LA Clippers
2025-26,2026-04-08,0022501164,DAL,Dallas Mavericks,PHX,Phoenix Suns
2025-26,2026-04-09,0022501165,MIA,Miami Heat,TOR,Toronto Raptors
2025-26,2026-04-09,0022501166,CHI,Chicago Bulls,WAS,Washington Wizards
2025-26,2026-04-09,0022501167,IND,Indiana Pacers,BKN,Brooklyn Nets
2025-26,2026-04-09,0022501168,BOS,Boston Celtics,NYK,New York Knicks
2025-26,2026-04-09,0022501169,PHI,Philadelphia 76ers,HOU,Houston Rockets
2025-26,2026-04-09,0022501170,LAL,Los Angeles Lakers,GSW,Golden State Warriors
2025-26,2026-04-10,0022501171,DET,Detroit Pistons,CHA,Charlotte Hornets
2025-26,2026-04-10,0022501172,MIA,Miami Heat,WAS,Washington Wizards
2025-26,2026-04-10,0022501173,CLE,Cleveland Cavaliers,ATL,Atlanta Hawks
2025-26,2026-04-10,0022501174,NOP,New Orleans Pelicans,BOS,Boston Celtics
2025-26,2026-04-10,0022501175,PHI,Philadelphia 76ers,IND,Indiana Pacers
2025-26,2026-04-10,0022501176,TOR,Toronto Raptors,NYK,New York Knicks
2025-26,2026-04-10,0022501177,ORL,Orlando Magic,CHI,Chicago Bulls
2025-26,2026-04-10,0022501178,MIN,Minnesota Timberwolves,HOU,Houston Rockets
2025-26,2026-04-10,0022501179,BKN,Brooklyn Nets,MIL,Milwaukee Bucks
2025-26,2026-04-10,0022501180,DAL,Dallas Mavericks,SAS,San Antonio Spurs
2025-26,2026-04-10,0022501181,MEM,Memphis Grizzlies,UTA,Utah Jazz
2025-26,2026-04-10,0022501182,OKC,Oklahoma City Thunder,DEN,Denver Nuggets
2025-26,2026-04-10,0022501183,LAC,LA Clippers,POR,Portland Trail Blazers
2025-26,2026-04-10,0022501184,GSW,Golden State Warriors,SAC,Sacramento Kings
2025-26,2026-04-10,0022501185,PHX,Phoenix Suns,LAL,Los Angeles Lakers
2025-26,2026-04-12,0022501186,ORL,Orlando Magic,BOS,Boston Celtics
2025-26,2026-04-12,0022501187,WAS,Washington Wizards,CLE,Cleveland Cavaliers
2025-26,2026-04-12,0022501188,DET,Detroit Pistons,IND,Indiana Pacers
2025-26,2026-04-12,0022501189,ATL,Atlanta Hawks,MIA,Miami Heat
2025-26,2026-04-12,0022501190,CHA,Charlotte Hornets,NYK,New York Knicks
2025-26,2026-04-12,0022501191,MIL,Milwaukee Bucks,PHI,Philadelphia 76ers
2025-26,2026-04-12,0022501192,BKN,Brooklyn Nets,TOR,Toronto Raptors
2025-26,2026-04-12,0022501193,CHI,Chicago Bulls,DAL,Dallas Mavericks
2025-26,2026-04-12,0022501194,MEM,Memphis Grizzlies,HOU,Houston Rockets
2025-26,2026-04-12,0022501195,NOP,New Orleans Pelicans,MIN,Minnesota Timberwolves
2025-26,2026-04-12,0022501196,PHX,Phoenix Suns,OKC,Oklahoma City Thunder
2025-26,2026-04-12,0022501197,DEN,Denver Nuggets,SAS,San Antonio Spurs
2025-26,2026-04-12,0022501198,UTA,Utah Jazz,LAL,Los Angeles Lakers
2025-26,2026-04-12,0022501199,GSW,Golden State Warriors,LAC,LA Clippers
2025-26,2026-04-12,0022501200,SAC,Sacramento Kings,POR,Portland Trail Blazers
2025-26,2026-04-14,0052500111,MIA,Miami Heat,CHA,Charlotte Hornets
2025-26,2026-04-14,0052500121,POR,Portland Trail Blazers,PHX,Phoenix Suns
2025-26,2026-04-15,0052500101,ORL,Orlando Magic,PHI,Philadelphia 76ers
2025-26,2026-04-15,0052500131,GSW,Golden State Warriors,LAC,LA Clippers
2025-26,2026-04-17,0052500201,CHA,Charlotte Hornets,ORL,Orlando Magic
2025-26,2026-04-17,0052500211,GSW,Golden State Warriors,PHX,Phoenix Suns
2025-26,2026-04-18,0042500121,ATL,Atlanta Hawks,NYK,New York Knicks
2025-26,2026-04-18,0042500131,TOR,Toronto Raptors,CLE,Cleveland Cavaliers
2025-26,2026-04-18,0042500161,MIN,Minnesota Timberwolves,DEN,Denver Nuggets
2025-26,2026-04-18,0042500171,HOU,Houston Rockets,LAL,Los Angeles Lakers
2025-26,2026-04-19,0042500101,ORL,Orlando Magic,DET,Detroit Pistons
2025-26,2026-04-19,0042500111,PHI,Philadelphia 76ers,BOS,Boston Celtics
2025-26,2026-04-19,0042500141,PHX,Phoenix Suns,OKC,Oklahoma City Thunder
2025-26,2026-04-19,0042500151,POR,Portland Trail Blazers,SAS,San Antonio Spurs
2025-26,2026-04-20,0042500122,ATL,Atlanta Hawks,NYK,New York Knicks
2025-26,2026-04-20,0042500132,TOR,Toronto Raptors,CLE,Cleveland Cavaliers
2025-26,2026-04-20,0042500162,MIN,Minnesota Timberwolves,DEN,Denver Nuggets
2025-26,2026-04-21,0042500112,PHI,Philadelphia 76ers,BOS,Boston Celtics
2025-26,2026-04-21,0042500152,POR,Portland Trail Blazers,SAS,San Antonio Spurs
2025-26,2026-04-21,0042500172,HOU,Houston Rockets,LAL,Los Angeles Lakers
2025-26,2026-04-22,0042500102,ORL,Orlando Magic,DET,Detroit Pistons
2025-26,2026-04-22,0042500142,PHX,Phoenix Suns,OKC,Oklahoma City Thunder
2025-26,2026-04-23,0042500123,NYK,New York Knicks,ATL,Atlanta Hawks
2025-26,2026-04-23,0042500133,CLE,Cleveland Cavaliers,TOR,Toronto Raptors
2025-26,2026-04-23,0042500163,DEN,Denver Nuggets,MIN,Minnesota Timberwolves
2025-26,2026-04-24,0042500113,BOS,Boston Celtics,PHI,Philadelphia 76ers
2025-26,2026-04-24,0042500153,SAS,San Antonio Spurs,POR,Portland Trail Blazers
2025-26,2026-04-24,0042500173,LAL,Los Angeles Lakers,HOU,Houston Rockets
2025-26,2026-04-25,0042500103,DET,Detroit Pistons,ORL,Orlando Magic
2025-26,2026-04-25,0042500124,NYK,New York Knicks,ATL,Atlanta Hawks
2025-26,2026-04-25,0042500143,OKC,Oklahoma City Thunder,PHX,Phoenix Suns
2025-26,2026-04-25,0042500164,DEN,Denver Nuggets,MIN,Minnesota Timberwolves
2025-26,2026-04-26,0042500114,BOS,Boston Celtics,PHI,Philadelphia 76ers
2025-26,2026-04-26,0042500134,CLE,Cleveland Cavaliers,TOR,Toronto Raptors
2025-26,2026-04-26,0042500154,SAS,San Antonio Spurs,POR,Portland Trail Blazers
2025-26,2026-04-26,0042500174,LAL,Los Angeles Lakers,HOU,Houston Rockets
2025-26,2026-04-27,0042500104,DET,Detroit Pistons,ORL,Orlando Magic
2025-26,2026-04-27,0042500144,OKC,Oklahoma City Thunder,PHX,Phoenix Suns
2025-26,2026-04-27,0042500165,MIN,Minnesota Timberwolves,DEN,Denver Nuggets
2025-26,2026-04-28,0042500115,PHI,Philadelphia 76ers,BOS,Boston Celtics
2025-26,2026-04-28,0042500125,ATL,Atlanta Hawks,NYK,New York Knicks
2025-26,2026-04-28,0042500155,POR,Portland Trail Blazers,SAS,San Antonio Spurs
2025-26,2026-04-29,0042500105,ORL,Orlando Magic,DET,Detroit Pistons
2025-26,2026-04-29,0042500135,TOR,Toronto Raptors,CLE,Cleveland Cavaliers
2025-26,2026-04-29,0042500175,HOU,Houston Rockets,LAL,Los Angeles Lakers
2025-26,2026-04-30,0042500116,BOS,Boston Celtics,PHI,Philadelphia 76ers
2025-26,2026-04-30,0042500126,NYK,New York Knicks,ATL,Atlanta Hawks
2025-26,2026-04-30,0042500166,DEN,Denver Nuggets,MIN,Minnesota Timberwolves
2025-26,2026-05-01,0042500106,DET,Detroit Pistons,ORL,Orlando Magic
2025-26,2026-05-01,0042500136,CLE,Cleveland Cavaliers,TOR,Toronto Raptors
2025-26,2026-05-01,0042500176,LAL,Los Angeles Lakers,HOU,Houston Rockets
2025-26,2026-05-02,0042500117,PHI,Philadelphia 76ers,BOS,Boston Celtics
2025-26,2026-05-03,0042500107,ORL,Orlando Magic,DET,Detroit Pistons
2025-26,2026-05-03,0042500137,TOR,Toronto Raptors,CLE,Cleveland Cavaliers
2025-26,2026-05-04,0042500211,PHI,Philadelphia 76ers,NYK,New York Knicks
2025-26,2026-05-04,0042500231,MIN,Minnesota Timberwolves,SAS,San Antonio Spurs
2025-26,2026-05-05,0042500201,CLE,Cleveland Cavaliers,DET,Detroit Pistons
2025-26,2026-05-05,0042500221,LAL,Los Angeles Lakers,OKC,Oklahoma City Thunder
2025-26,2026-05-06,0042500212,PHI,Philadelphia 76ers,NYK,New York Knicks
2025-26,2026-05-06,0042500232,MIN,Minnesota Timberwolves,SAS,San Antonio Spurs
2025-26,2026-05-07,0042500202,CLE,Cleveland Cavaliers,DET,Detroit Pistons
2025-26,2026-05-07,0042500222,LAL,Los Angeles Lakers,OKC,Oklahoma City Thunder
2025-26,2026-05-08,0042500213,NYK,New York Knicks,PHI,Philadelphia 76ers
2025-26,2026-05-08,0042500233,SAS,San Antonio Spurs,MIN,Minnesota Timberwolves
2025-26,2026-05-09,0042500203,DET,Detroit Pistons,CLE,Cleveland Cavaliers
2025-26,2026-05-09,0042500223,OKC,Oklahoma City Thunder,LAL,Los Angeles Lakers
2025-26,2026-05-10,0042500214,NYK,New York Knicks,PHI,Philadelphia 76ers
2025-26,2026-05-10,0042500234,SAS,San Antonio Spurs,MIN,Minnesota Timberwolves
2025-26,2026-05-11,0042500204,DET,Detroit Pistons,CLE,Cleveland Cavaliers
2025-26,2026-05-11,0042500224,OKC,Oklahoma City Thunder,LAL,Los Angeles Lakers
2025-26,2026-05-12,0042500235,MIN,Minnesota Timberwolves,SAS,San Antonio Spurs
2025-26,2026-05-13,0042500205,CLE,Cleveland Cavaliers,DET,Detroit Pistons
2025-26,2026-05-15,0042500206,DET,Detroit Pistons,CLE,Cleveland Cavaliers
2025-26,2026-05-15,0042500236,SAS,San Antonio Spurs,MIN,Minnesota Timberwolves
2025-26,2026-05-17,0042500207,CLE,Cleveland Cavaliers,DET,Detroit Pistons
2025-26,2026-05-18,0042500311,SAS,San Antonio Spurs,OKC,Oklahoma City Thunder
2025-26,2026-05-19,0042500301,CLE,Cleveland Cavaliers,NYK,New York Knicks
